timestamp;simple-path;time;;time;;;;
2021-08-25 11:28:45.837;/administrator/configuration/list;1680;;;;;;
2021-08-25 11:29:15.396;/administrator/configuration/list;591;;Mean;514,74;Interval;501,39;528,10
2021-08-25 11:29:18.14;/administrator/configuration/list;591;;Standard Error;6,81;;;
2021-08-25 11:29:23.678;/administrator/configuration/list;592;;Median;593,00;;;
2021-08-25 11:29:25.502;/administrator/configuration/list;698;;Mode;594,00;;;
2021-08-25 11:29:30.906;/administrator/configuration/list;598;;Standard Deviation;286,72;;;
2021-08-25 11:29:33.195;/administrator/configuration/list;1160;;Sample Variance;82.205,70;;;
2021-08-25 11:29:38.594;/administrator/configuration/list;595;;Kurtosis;407,15;;;
2021-08-25 11:29:40.883;/administrator/configuration/list;1150;;Skewness;14,61;;;
2021-08-25 11:29:46.377;/administrator/configuration/list;594;;Range;8.625,00;;;
2021-08-25 11:29:48.669;/administrator/configuration/list;589;;Minimum;220,00;;;
2021-08-25 11:29:54.196;/administrator/configuration/list;597;;Maximum;8.845,00;;;
2021-08-25 11:29:56.052;/administrator/configuration/list;719;;Sum;912.642,00;;;
2021-08-25 11:30:01.562;/administrator/configuration/list;582;;Count;1.773,00;;;
2021-08-25 11:30:03.869;/administrator/configuration/list;1161;;Confidence Level(95,0%);13,35;;;
2021-08-25 11:30:09.258;/administrator/configuration/list;601;;;;;;
2021-08-25 11:30:11.104;/administrator/configuration/list;691;;;;;;
2021-08-25 11:30:16.53;/administrator/configuration/list;593;;;;;;
2021-08-25 11:30:18.837;/administrator/configuration/list;1134;;;;;;
2021-08-25 11:30:24.468;/administrator/configuration/list;598;;;;;;
2021-08-25 11:30:26.329;/administrator/configuration/list;683;;;;;;
2021-08-25 11:30:31.703;/administrator/configuration/list;594;;;;;;
2021-08-25 11:30:34.111;/administrator/configuration/list;1168;;;;;;
2021-08-25 11:30:39.528;/administrator/configuration/list;583;;;;;;
2021-08-25 11:30:41.914;/administrator/configuration/list;1173;;;;;;
2021-08-25 11:30:47.278;/administrator/configuration/list;612;;;;;;
2021-08-25 11:30:53.618;/administrator/configuration/list;595;;;;;;
2021-08-25 11:30:59.927;/administrator/configuration/list;595;;;;;;
2021-08-25 11:31:06.245;/administrator/configuration/list;610;;;;;;
2021-08-25 11:31:12.51;/administrator/configuration/list;593;;;;;;
2021-08-25 11:31:18.837;/administrator/configuration/list;586;;;;;;
2021-08-25 11:31:25.149;/administrator/configuration/list;598;;;;;;
2021-08-25 11:31:31.45;/administrator/configuration/list;597;;;;;;
2021-08-25 11:31:37.68;/administrator/configuration/list;593;;;;;;
2021-08-25 11:31:43.868;/administrator/configuration/list;596;;;;;;
2021-08-25 11:31:50.189;/administrator/configuration/list;597;;;;;;
2021-08-25 11:31:56.653;/administrator/configuration/list;597;;;;;;
2021-08-25 11:32:02.924;/administrator/configuration/list;594;;;;;;
2021-08-25 11:32:09.19;/administrator/configuration/list;595;;;;;;
2021-08-25 11:32:15.45;/administrator/configuration/list;594;;;;;;
2021-08-25 11:28:47.471;/administrator/configuration/show;1139;;;;;;
2021-08-25 11:29:16.223;/administrator/configuration/show;593;;;;;;
2021-08-25 11:29:18.97;/administrator/configuration/show;593;;;;;;
2021-08-25 11:29:24.504;/administrator/configuration/show;593;;;;;;
2021-08-25 11:29:26.333;/administrator/configuration/show;599;;;;;;
2021-08-25 11:29:31.722;/administrator/configuration/show;580;;;;;;
2021-08-25 11:29:34.021;/administrator/configuration/show;595;;;;;;
2021-08-25 11:29:39.422;/administrator/configuration/show;594;;;;;;
2021-08-25 11:29:41.755;/administrator/configuration/show;611;;;;;;
2021-08-25 11:29:47.22;/administrator/configuration/show;595;;;;;;
2021-08-25 11:29:49.493;/administrator/configuration/show;595;;;;;;
2021-08-25 11:29:55.022;/administrator/configuration/show;597;;;;;;
2021-08-25 11:29:56.879;/administrator/configuration/show;596;;;;;;
2021-08-25 11:30:02.379;/administrator/configuration/show;585;;;;;;
2021-08-25 11:30:04.698;/administrator/configuration/show;597;;;;;;
2021-08-25 11:30:10.088;/administrator/configuration/show;596;;;;;;
2021-08-25 11:30:11.936;/administrator/configuration/show;598;;;;;;
2021-08-25 11:30:17.377;/administrator/configuration/show;597;;;;;;
2021-08-25 11:30:19.652;/administrator/configuration/show;584;;;;;;
2021-08-25 11:30:25.302;/administrator/configuration/show;598;;;;;;
2021-08-25 11:30:27.154;/administrator/configuration/show;594;;;;;;
2021-08-25 11:30:32.55;/administrator/configuration/show;596;;;;;;
2021-08-25 11:30:34.949;/administrator/configuration/show;592;;;;;;
2021-08-25 11:30:40.354;/administrator/configuration/show;592;;;;;;
2021-08-25 11:30:42.77;/administrator/configuration/show;595;;;;;;
2021-08-25 11:30:48.136;/administrator/configuration/show;598;;;;;;
2021-08-25 11:30:54.447;/administrator/configuration/show;595;;;;;;
2021-08-25 11:31:00.796;/administrator/configuration/show;625;;;;;;
2021-08-25 11:31:07.068;/administrator/configuration/show;594;;;;;;
2021-08-25 11:31:13.339;/administrator/configuration/show;598;;;;;;
2021-08-25 11:31:19.707;/administrator/configuration/show;627;;;;;;
2021-08-25 11:31:25.98;/administrator/configuration/show;598;;;;;;
2021-08-25 11:31:32.28;/administrator/configuration/show;595;;;;;;
2021-08-25 11:31:38.503;/administrator/configuration/show;592;;;;;;
2021-08-25 11:31:44.711;/administrator/configuration/show;596;;;;;;
2021-08-25 11:31:51.008;/administrator/configuration/show;588;;;;;;
2021-08-25 11:31:57.471;/administrator/configuration/show;585;;;;;;
2021-08-25 11:32:03.753;/administrator/configuration/show;598;;;;;;
2021-08-25 11:32:10.022;/administrator/configuration/show;598;;;;;;
2021-08-25 11:32:16.281;/administrator/configuration/show;596;;;;;;
2021-08-25 11:30:49.123;/administrator/configuration/update;592;;;;;;
2021-08-25 11:30:55.428;/administrator/configuration/update;592;;;;;;
2021-08-25 11:31:01.721;/administrator/configuration/update;596;;;;;;
2021-08-25 11:31:08.026;/administrator/configuration/update;601;;;;;;
2021-08-25 11:31:14.256;/administrator/configuration/update;602;;;;;;
2021-08-25 11:31:20.635;/administrator/configuration/update;609;;;;;;
2021-08-25 11:31:26.884;/administrator/configuration/update;611;;;;;;
2021-08-25 11:31:33.182;/administrator/configuration/update;599;;;;;;
2021-08-25 11:31:39.394;/administrator/configuration/update;594;;;;;;
2021-08-25 11:31:45.625;/administrator/configuration/update;600;;;;;;
2021-08-25 11:31:51.957;/administrator/configuration/update;607;;;;;;
2021-08-25 11:31:58.391;/administrator/configuration/update;609;;;;;;
2021-08-25 11:32:04.653;/administrator/configuration/update;587;;;;;;
2021-08-25 11:32:10.941;/administrator/configuration/update;594;;;;;;
2021-08-25 11:32:17.188;/administrator/configuration/update;595;;;;;;
2021-08-25 11:32:43.875;/administrator/dashboard/show;566;;;;;;
2021-08-25 11:32:47.912;/administrator/dashboard/show;281;;;;;;
2021-08-25 11:32:52.363;/administrator/dashboard/show;595;;;;;;
2021-08-25 11:52:36.044;/anonymous/shout/create;582;;;;;;
2021-08-25 11:52:40.176;/anonymous/shout/create;607;;;;;;
2021-08-25 11:52:44.389;/anonymous/shout/create;592;;;;;;
2021-08-25 11:52:48.031;/anonymous/shout/create;597;;;;;;
2021-08-25 11:52:51.648;/anonymous/shout/create;592;;;;;;
2021-08-25 11:52:55.87;/anonymous/shout/create;590;;;;;;
2021-08-25 11:52:59.501;/anonymous/shout/create;593;;;;;;
2021-08-25 11:53:03.192;/anonymous/shout/create;590;;;;;;
2021-08-25 11:53:06.793;/anonymous/shout/create;594;;;;;;
2021-08-25 11:53:10.426;/anonymous/shout/create;597;;;;;;
2021-08-25 11:53:14.088;/anonymous/shout/create;591;;;;;;
2021-08-25 11:53:19.32;/anonymous/shout/create;601;;;;;;
2021-08-25 11:53:23.948;/anonymous/shout/create;594;;;;;;
2021-08-25 11:53:28.526;/anonymous/shout/create;595;;;;;;
2021-08-25 11:53:33.18;/anonymous/shout/create;596;;;;;;
2021-08-25 11:53:38.437;/anonymous/shout/create;595;;;;;;
2021-08-25 11:53:43.014;/anonymous/shout/create;594;;;;;;
2021-08-25 11:53:48.238;/anonymous/shout/create;594;;;;;;
2021-08-25 11:53:52.934;/anonymous/shout/create;591;;;;;;
2021-08-25 11:53:57.653;/anonymous/shout/create;596;;;;;;
2021-08-25 11:54:02.874;/anonymous/shout/create;594;;;;;;
2021-08-25 11:54:07.43;/anonymous/shout/create;592;;;;;;
2021-08-25 11:54:12.666;/anonymous/shout/create;583;;;;;;
2021-08-25 11:54:17.871;/anonymous/shout/create;598;;;;;;
2021-08-25 11:54:22.479;/anonymous/shout/create;597;;;;;;
2021-08-25 11:54:27.096;/anonymous/shout/create;599;;;;;;
2021-08-25 11:54:31.711;/anonymous/shout/create;593;;;;;;
2021-08-25 11:54:36.393;/anonymous/shout/create;604;;;;;;
2021-08-25 11:54:40.986;/anonymous/shout/create;593;;;;;;
2021-08-25 11:54:41.971;/anonymous/shout/create;612;;;;;;
2021-08-25 11:54:43.083;/anonymous/shout/create;594;;;;;;
2021-08-25 11:54:44.113;/anonymous/shout/create;613;;;;;;
2021-08-25 11:54:45.198;/anonymous/shout/create;599;;;;;;
2021-08-25 11:54:46.259;/anonymous/shout/create;611;;;;;;
2021-08-25 11:54:47.354;/anonymous/shout/create;593;;;;;;
2021-08-25 11:54:48.42;/anonymous/shout/create;632;;;;;;
2021-08-25 11:54:49.518;/anonymous/shout/create;594;;;;;;
2021-08-25 11:54:50.56;/anonymous/shout/create;593;;;;;;
2021-08-25 11:54:51.654;/anonymous/shout/create;594;;;;;;
2021-08-25 11:54:52.686;/anonymous/shout/create;612;;;;;;
2021-08-25 11:54:53.762;/anonymous/shout/create;592;;;;;;
2021-08-25 11:54:54.827;/anonymous/shout/create;595;;;;;;
2021-08-25 11:54:55.949;/anonymous/shout/create;590;;;;;;
2021-08-25 11:54:56.945;/anonymous/shout/create;593;;;;;;
2021-08-25 11:54:58.035;/anonymous/shout/create;592;;;;;;
2021-08-25 11:54:59.067;/anonymous/shout/create;597;;;;;;
2021-08-25 11:55:00.144;/anonymous/shout/create;594;;;;;;
2021-08-25 11:55:01.17;/anonymous/shout/create;598;;;;;;
2021-08-25 11:55:02.301;/anonymous/shout/create;602;;;;;;
2021-08-25 11:55:03.288;/anonymous/shout/create;595;;;;;;
2021-08-25 11:55:04.378;/anonymous/shout/create;595;;;;;;
2021-08-25 11:55:05.429;/anonymous/shout/create;597;;;;;;
2021-08-25 11:55:06.587;/anonymous/shout/create;597;;;;;;
2021-08-25 11:55:07.679;/anonymous/shout/create;609;;;;;;
2021-08-25 11:55:08.779;/anonymous/shout/create;581;;;;;;
2021-08-25 11:55:09.805;/anonymous/shout/create;593;;;;;;
2021-08-25 11:55:10.957;/anonymous/shout/create;588;;;;;;
2021-08-25 11:55:11.997;/anonymous/shout/create;606;;;;;;
2021-08-25 11:55:13.101;/anonymous/shout/create;599;;;;;;
2021-08-25 11:55:14.083;/anonymous/shout/create;592;;;;;;
2021-08-25 11:55:15.175;/anonymous/shout/create;595;;;;;;
2021-08-25 11:55:16.191;/anonymous/shout/create;594;;;;;;
2021-08-25 11:55:17.272;/anonymous/shout/create;597;;;;;;
2021-08-25 11:55:18.333;/anonymous/shout/create;609;;;;;;
2021-08-25 11:55:19.427;/anonymous/shout/create;591;;;;;;
2021-08-25 11:55:20.522;/anonymous/shout/create;610;;;;;;
2021-08-25 11:55:21.621;/anonymous/shout/create;595;;;;;;
2021-08-25 11:55:22.62;/anonymous/shout/create;599;;;;;;
2021-08-25 11:55:23.72;/anonymous/shout/create;598;;;;;;
2021-08-25 11:55:24.781;/anonymous/shout/create;612;;;;;;
2021-08-25 11:55:25.862;/anonymous/shout/create;595;;;;;;
2021-08-25 11:55:26.923;/anonymous/shout/create;592;;;;;;
2021-08-25 11:55:28.008;/anonymous/shout/create;593;;;;;;
2021-08-25 11:55:29.098;/anonymous/shout/create;611;;;;;;
2021-08-25 11:55:30.196;/anonymous/shout/create;600;;;;;;
2021-08-25 11:55:31.209;/anonymous/shout/create;595;;;;;;
2021-08-25 11:55:32.354;/anonymous/shout/create;594;;;;;;
2021-08-25 11:55:33.447;/anonymous/shout/create;614;;;;;;
2021-08-25 11:55:34.542;/anonymous/shout/create;595;;;;;;
2021-08-25 11:55:35.555;/anonymous/shout/create;589;;;;;;
2021-08-25 11:55:36.628;/anonymous/shout/create;592;;;;;;
2021-08-25 11:55:37.726;/anonymous/shout/create;596;;;;;;
2021-08-25 11:55:38.82;/anonymous/shout/create;594;;;;;;
2021-08-25 11:55:39.851;/anonymous/shout/create;601;;;;;;
2021-08-25 11:55:40.962;/anonymous/shout/create;591;;;;;;
2021-08-25 11:55:42.035;/anonymous/shout/create;593;;;;;;
2021-08-25 11:55:43.118;/anonymous/shout/create;596;;;;;;
2021-08-25 11:55:44.15;/anonymous/shout/create;593;;;;;;
2021-08-25 11:55:45.231;/anonymous/shout/create;597;;;;;;
2021-08-25 11:55:46.277;/anonymous/shout/create;607;;;;;;
2021-08-25 11:55:47.371;/anonymous/shout/create;593;;;;;;
2021-08-25 11:55:48.414;/anonymous/shout/create;609;;;;;;
2021-08-25 11:51:48.985;/anonymous/shout/list-recent;592;;;;;;
2021-08-25 11:51:51.029;/anonymous/shout/list-recent;596;;;;;;
2021-08-25 11:51:53.057;/anonymous/shout/list-recent;597;;;;;;
2021-08-25 11:51:55.057;/anonymous/shout/list-recent;599;;;;;;
2021-08-25 11:51:57.176;/anonymous/shout/list-recent;592;;;;;;
2021-08-25 11:51:59.175;/anonymous/shout/list-recent;600;;;;;;
2021-08-25 11:52:01.193;/anonymous/shout/list-recent;594;;;;;;
2021-08-25 11:52:38.387;/anonymous/shout/list-recent;586;;;;;;
2021-08-25 11:52:42.622;/anonymous/shout/list-recent;594;;;;;;
2021-08-25 11:52:46.219;/anonymous/shout/list-recent;594;;;;;;
2021-08-25 11:52:49.879;/anonymous/shout/list-recent;598;;;;;;
2021-08-25 11:52:54.105;/anonymous/shout/list-recent;594;;;;;;
2021-08-25 11:52:57.722;/anonymous/shout/list-recent;591;;;;;;
2021-08-25 11:53:01.339;/anonymous/shout/list-recent;595;;;;;;
2021-08-25 11:53:05.03;/anonymous/shout/list-recent;588;;;;;;
2021-08-25 11:53:08.638;/anonymous/shout/list-recent;594;;;;;;
2021-08-25 11:53:12.301;/anonymous/shout/list-recent;593;;;;;;
2021-08-25 11:53:16.514;/anonymous/shout/list-recent;584;;;;;;
2021-08-25 11:53:21.184;/anonymous/shout/list-recent;598;;;;;;
2021-08-25 11:53:25.793;/anonymous/shout/list-recent;584;;;;;;
2021-08-25 11:53:30.406;/anonymous/shout/list-recent;600;;;;;;
2021-08-25 11:53:35.663;/anonymous/shout/list-recent;600;;;;;;
2021-08-25 11:53:40.265;/anonymous/shout/list-recent;597;;;;;;
2021-08-25 11:53:45.422;/anonymous/shout/list-recent;615;;;;;;
2021-08-25 11:53:50.104;/anonymous/shout/list-recent;629;;;;;;
2021-08-25 11:53:54.752;/anonymous/shout/list-recent;597;;;;;;
2021-08-25 11:54:00.142;/anonymous/shout/list-recent;629;;;;;;
2021-08-25 11:54:04.651;/anonymous/shout/list-recent;593;;;;;;
2021-08-25 11:54:09.838;/anonymous/shout/list-recent;588;;;;;;
2021-08-25 11:54:15.05;/anonymous/shout/list-recent;1139;;;;;;
2021-08-25 11:54:19.722;/anonymous/shout/list-recent;594;;;;;;
2021-08-25 11:54:24.285;/anonymous/shout/list-recent;597;;;;;;
2021-08-25 11:54:28.923;/anonymous/shout/list-recent;587;;;;;;
2021-08-25 11:54:33.54;/anonymous/shout/list-recent;597;;;;;;
2021-08-25 11:54:38.221;/anonymous/shout/list-recent;597;;;;;;
2021-08-25 11:56:11.716;/anonymous/task/list;615;;;;;;
2021-08-25 11:56:14.819;/anonymous/task/list;596;;;;;;
2021-08-25 11:56:17.754;/anonymous/task/list;612;;;;;;
2021-08-25 11:56:20.712;/anonymous/task/list;595;;;;;;
2021-08-25 11:56:23.63;/anonymous/task/list;590;;;;;;
2021-08-25 11:56:13.331;/anonymous/task/show;598;;;;;;
2021-08-25 11:56:16.362;/anonymous/task/show;593;;;;;;
2021-08-25 11:56:19.348;/anonymous/task/show;596;;;;;;
2021-08-25 11:56:22.224;/anonymous/task/show;595;;;;;;
2021-08-25 11:56:25.148;/anonymous/task/show;583;;;;;;
2021-08-25 11:33:20.683;/authenticated/task/list-public-finished;1188;;;;;;
2021-08-25 11:33:27.804;/authenticated/task/list-public-finished;596;;;;;;
2021-08-25 11:33:34.179;/authenticated/task/list-public-finished;594;;;;;;
2021-08-25 11:33:40.544;/authenticated/task/list-public-finished;597;;;;;;
2021-08-25 11:33:47.038;/authenticated/task/list-public-finished;623;;;;;;
2021-08-25 11:33:53.695;/authenticated/task/list-public-finished;591;;;;;;
2021-08-25 11:33:22.794;/authenticated/task/show;1177;;;;;;
2021-08-25 11:33:29.309;/authenticated/task/show;590;;;;;;
2021-08-25 11:33:35.688;/authenticated/task/show;598;;;;;;
2021-08-25 11:33:42.127;/authenticated/task/show;595;;;;;;
2021-08-25 11:33:48.572;/authenticated/task/show;596;;;;;;
2021-08-25 11:33:55.224;/authenticated/task/show;591;;;;;;
2021-08-25 11:34:24.578;/manager/task/create;1130;;;;;;
2021-08-25 11:34:33.146;/manager/task/create;596;;;;;;
2021-08-25 11:34:41.624;/manager/task/create;595;;;;;;
2021-08-25 11:34:50.26;/manager/task/create;608;;;;;;
2021-08-25 11:34:58.877;/manager/task/create;612;;;;;;
2021-08-25 11:35:07.727;/manager/task/create;588;;;;;;
2021-08-25 11:35:16.127;/manager/task/create;598;;;;;;
2021-08-25 11:35:24.749;/manager/task/create;594;;;;;;
2021-08-25 11:35:32.885;/manager/task/create;591;;;;;;
2021-08-25 11:35:41.492;/manager/task/create;624;;;;;;
2021-08-25 11:35:50.524;/manager/task/create;596;;;;;;
2021-08-25 11:35:59.285;/manager/task/create;596;;;;;;
2021-08-25 11:36:07.789;/manager/task/create;594;;;;;;
2021-08-25 11:36:16.346;/manager/task/create;580;;;;;;
2021-08-25 11:36:24.595;/manager/task/create;612;;;;;;
2021-08-25 11:36:32.979;/manager/task/create;609;;;;;;
2021-08-25 11:36:40.587;/manager/task/create;598;;;;;;
2021-08-25 11:36:48.84;/manager/task/create;583;;;;;;
2021-08-25 11:36:56.789;/manager/task/create;583;;;;;;
2021-08-25 11:37:05.264;/manager/task/create;598;;;;;;
2021-08-25 11:37:13.794;/manager/task/create;596;;;;;;
2021-08-25 11:37:22.387;/manager/task/create;595;;;;;;
2021-08-25 11:37:30.874;/manager/task/create;586;;;;;;
2021-08-25 11:37:38.813;/manager/task/create;592;;;;;;
2021-08-25 11:37:40.234;/manager/task/create;599;;;;;;
2021-08-25 11:37:43.65;/manager/task/create;598;;;;;;
2021-08-25 11:37:45.431;/manager/task/create;597;;;;;;
2021-08-25 11:37:48.849;/manager/task/create;593;;;;;;
2021-08-25 11:37:50.65;/manager/task/create;596;;;;;;
2021-08-25 11:37:54.05;/manager/task/create;598;;;;;;
2021-08-25 11:37:55.847;/manager/task/create;596;;;;;;
2021-08-25 11:37:59.22;/manager/task/create;597;;;;;;
2021-08-25 11:38:01.011;/manager/task/create;612;;;;;;
2021-08-25 11:38:04.404;/manager/task/create;593;;;;;;
2021-08-25 11:38:06.181;/manager/task/create;597;;;;;;
2021-08-25 11:38:09.569;/manager/task/create;598;;;;;;
2021-08-25 11:38:11.342;/manager/task/create;596;;;;;;
2021-08-25 11:38:14.735;/manager/task/create;584;;;;;;
2021-08-25 11:38:16.642;/manager/task/create;598;;;;;;
2021-08-25 11:38:20.079;/manager/task/create;596;;;;;;
2021-08-25 11:38:22.004;/manager/task/create;599;;;;;;
2021-08-25 11:38:25.498;/manager/task/create;594;;;;;;
2021-08-25 11:38:27.403;/manager/task/create;596;;;;;;
2021-08-25 11:38:30.881;/manager/task/create;593;;;;;;
2021-08-25 11:38:32.666;/manager/task/create;597;;;;;;
2021-08-25 11:38:36.083;/manager/task/create;599;;;;;;
2021-08-25 11:38:37.901;/manager/task/create;593;;;;;;
2021-08-25 11:38:41.342;/manager/task/create;596;;;;;;
2021-08-25 11:38:43.104;/manager/task/create;594;;;;;;
2021-08-25 11:38:46.556;/manager/task/create;596;;;;;;
2021-08-25 11:38:48.363;/manager/task/create;594;;;;;;
2021-08-25 11:38:51.826;/manager/task/create;595;;;;;;
2021-08-25 11:38:53.63;/manager/task/create;582;;;;;;
2021-08-25 11:38:57.062;/manager/task/create;599;;;;;;
2021-08-25 11:38:58.691;/manager/task/create;614;;;;;;
2021-08-25 11:39:02.156;/manager/task/create;596;;;;;;
2021-08-25 11:39:04.015;/manager/task/create;606;;;;;;
2021-08-25 11:39:07.416;/manager/task/create;596;;;;;;
2021-08-25 11:39:09.207;/manager/task/create;598;;;;;;
2021-08-25 11:39:12.675;/manager/task/create;598;;;;;;
2021-08-25 11:39:14.263;/manager/task/create;595;;;;;;
2021-08-25 11:39:17.668;/manager/task/create;596;;;;;;
2021-08-25 11:39:19.467;/manager/task/create;606;;;;;;
2021-08-25 11:39:22.914;/manager/task/create;584;;;;;;
2021-08-25 11:39:24.764;/manager/task/create;598;;;;;;
2021-08-25 11:39:28.179;/manager/task/create;596;;;;;;
2021-08-25 11:39:29.963;/manager/task/create;595;;;;;;
2021-08-25 11:39:33.393;/manager/task/create;591;;;;;;
2021-08-25 11:39:34.94;/manager/task/create;585;;;;;;
2021-08-25 11:39:38.346;/manager/task/create;597;;;;;;
2021-08-25 11:39:40.153;/manager/task/create;589;;;;;;
2021-08-25 11:39:43.529;/manager/task/create;595;;;;;;
2021-08-25 11:39:45.368;/manager/task/create;596;;;;;;
2021-08-25 11:39:48.843;/manager/task/create;596;;;;;;
2021-08-25 11:39:50.637;/manager/task/create;593;;;;;;
2021-08-25 11:39:54.047;/manager/task/create;597;;;;;;
2021-08-25 11:39:55.812;/manager/task/create;585;;;;;;
2021-08-25 11:39:59.261;/manager/task/create;590;;;;;;
2021-08-25 11:40:00.766;/manager/task/create;591;;;;;;
2021-08-25 11:40:04.17;/manager/task/create;597;;;;;;
2021-08-25 11:40:05.958;/manager/task/create;596;;;;;;
2021-08-25 11:40:09.415;/manager/task/create;585;;;;;;
2021-08-25 11:40:10.97;/manager/task/create;590;;;;;;
2021-08-25 11:40:14.457;/manager/task/create;595;;;;;;
2021-08-25 11:40:16.247;/manager/task/create;608;;;;;;
2021-08-25 11:34:27.716;/manager/task/list;590;;;;;;
2021-08-25 11:34:36.299;/manager/task/list;588;;;;;;
2021-08-25 11:34:44.873;/manager/task/list;595;;;;;;
2021-08-25 11:34:53.452;/manager/task/list;594;;;;;;
2021-08-25 11:35:02.414;/manager/task/list;596;;;;;;
2021-08-25 11:35:10.798;/manager/task/list;591;;;;;;
2021-08-25 11:35:19.389;/manager/task/list;598;;;;;;
2021-08-25 11:35:27.522;/manager/task/list;593;;;;;;
2021-08-25 11:35:36.107;/manager/task/list;611;;;;;;
2021-08-25 11:35:45.067;/manager/task/list;599;;;;;;
2021-08-25 11:35:53.907;/manager/task/list;595;;;;;;
2021-08-25 11:36:02.428;/manager/task/list;597;;;;;;
2021-08-25 11:36:10.944;/manager/task/list;595;;;;;;
2021-08-25 11:36:19.24;/manager/task/list;596;;;;;;
2021-08-25 11:36:27.671;/manager/task/list;593;;;;;;
2021-08-25 11:36:35.285;/manager/task/list;593;;;;;;
2021-08-25 11:36:43.52;/manager/task/list;593;;;;;;
2021-08-25 11:36:51.451;/manager/task/list;588;;;;;;
2021-08-25 11:36:59.998;/manager/task/list;611;;;;;;
2021-08-25 11:37:08.346;/manager/task/list;597;;;;;;
2021-08-25 11:37:17.011;/manager/task/list;592;;;;;;
2021-08-25 11:37:25.56;/manager/task/list;595;;;;;;
2021-08-25 11:37:33.465;/manager/task/list;593;;;;;;
2021-08-25 11:40:42.305;/manager/task/list;608;;;;;;
2021-08-25 11:40:48.687;/manager/task/list;595;;;;;;
2021-08-25 11:40:55.009;/manager/task/list;593;;;;;;
2021-08-25 11:41:01.359;/manager/task/list;594;;;;;;
2021-08-25 11:41:07.629;/manager/task/list;584;;;;;;
2021-08-25 11:41:13.958;/manager/task/list;600;;;;;;
2021-08-25 11:41:20.326;/manager/task/list;594;;;;;;
2021-08-25 11:41:26.555;/manager/task/list;584;;;;;;
2021-08-25 11:41:32.937;/manager/task/list;594;;;;;;
2021-08-25 11:41:39.199;/manager/task/list;591;;;;;;
2021-08-25 11:41:45.522;/manager/task/list;595;;;;;;
2021-08-25 11:41:51.883;/manager/task/list;594;;;;;;
2021-08-25 11:42:32.518;/manager/task/list;595;;;;;;
2021-08-25 11:42:35.231;/manager/task/list;692;;;;;;
2021-08-25 11:42:39.634;/manager/task/list;589;;;;;;
2021-08-25 11:42:42.77;/manager/task/list;1159;;;;;;
2021-08-25 11:42:47.117;/manager/task/list;587;;;;;;
2021-08-25 11:42:50.286;/manager/task/list;1196;;;;;;
2021-08-25 11:42:54.905;/manager/task/list;599;;;;;;
2021-08-25 11:42:57.996;/manager/task/list;1165;;;;;;
2021-08-25 11:43:02.381;/manager/task/list;592;;;;;;
2021-08-25 11:43:05.507;/manager/task/list;1201;;;;;;
2021-08-25 11:43:09.861;/manager/task/list;580;;;;;;
2021-08-25 11:43:12.486;/manager/task/list;646;;;;;;
2021-08-25 11:43:16.918;/manager/task/list;594;;;;;;
2021-08-25 11:43:19.509;/manager/task/list;641;;;;;;
2021-08-25 11:43:23.986;/manager/task/list;594;;;;;;
2021-08-25 11:43:26.64;/manager/task/list;652;;;;;;
2021-08-25 11:43:31.018;/manager/task/list;581;;;;;;
2021-08-25 11:43:33.661;/manager/task/list;678;;;;;;
2021-08-25 11:43:38.11;/manager/task/list;628;;;;;;
2021-08-25 11:43:40.691;/manager/task/list;614;;;;;;
2021-08-25 11:43:45.089;/manager/task/list;595;;;;;;
2021-08-25 11:43:47.753;/manager/task/list;687;;;;;;
2021-08-25 11:43:52.158;/manager/task/list;597;;;;;;
2021-08-25 11:43:55.295;/manager/task/list;1153;;;;;;
2021-08-25 11:44:31.844;/manager/task/list;592;;;;;;
2021-08-25 11:44:34.769;/manager/task/list;1194;;;;;;
2021-08-25 11:44:40.46;/manager/task/list;595;;;;;;
2021-08-25 11:44:43.395;/manager/task/list;1158;;;;;;
2021-08-25 11:44:48.997;/manager/task/list;598;;;;;;
2021-08-25 11:44:51.965;/manager/task/list;1185;;;;;;
2021-08-25 11:44:57.705;/manager/task/list;610;;;;;;
2021-08-25 11:45:01.06;/manager/task/list;592;;;;;;
2021-08-25 11:45:06.846;/manager/task/list;602;;;;;;
2021-08-25 11:45:09.309;/manager/task/list;680;;;;;;
2021-08-25 11:45:14.966;/manager/task/list;598;;;;;;
2021-08-25 11:45:17.469;/manager/task/list;641;;;;;;
2021-08-25 11:45:23.095;/manager/task/list;598;;;;;;
2021-08-25 11:45:26.615;/manager/task/list;589;;;;;;
2021-08-25 11:45:32.358;/manager/task/list;595;;;;;;
2021-08-25 11:45:35.377;/manager/task/list;1144;;;;;;
2021-08-25 11:45:41.094;/manager/task/list;582;;;;;;
2021-08-25 11:45:44.496;/manager/task/list;595;;;;;;
2021-08-25 11:45:50.13;/manager/task/list;594;;;;;;
2021-08-25 11:45:53.106;/manager/task/list;1186;;;;;;
2021-08-25 11:45:58.692;/manager/task/list;608;;;;;;
2021-08-25 11:46:01.857;/manager/task/list;1171;;;;;;
2021-08-25 11:46:07.479;/manager/task/list;586;;;;;;
2021-08-25 11:46:10.932;/manager/task/list;583;;;;;;
2021-08-25 11:46:16.552;/manager/task/list;594;;;;;;
2021-08-25 11:46:19.528;/manager/task/list;1180;;;;;;
2021-08-25 11:46:25.15;/manager/task/list;582;;;;;;
2021-08-25 11:46:28.305;/manager/task/list;1140;;;;;;
2021-08-25 11:46:34.014;/manager/task/list;600;;;;;;
2021-08-25 11:46:36.957;/manager/task/list;1192;;;;;;
2021-08-25 11:46:42.61;/manager/task/list;583;;;;;;
2021-08-25 11:46:45.715;/manager/task/list;1155;;;;;;
2021-08-25 11:46:51.373;/manager/task/list;592;;;;;;
2021-08-25 11:46:54.381;/manager/task/list;1187;;;;;;
2021-08-25 11:47:00.054;/manager/task/list;598;;;;;;
2021-08-25 11:47:02.506;/manager/task/list;700;;;;;;
2021-08-25 11:47:08.164;/manager/task/list;592;;;;;;
2021-08-25 11:47:11.575;/manager/task/list;594;;;;;;
2021-08-25 11:47:17.204;/manager/task/list;591;;;;;;
2021-08-25 11:47:20.391;/manager/task/list;1172;;;;;;
2021-08-25 11:47:26.072;/manager/task/list;592;;;;;;
2021-08-25 11:47:29.078;/manager/task/list;1214;;;;;;
2021-08-25 11:47:34.72;/manager/task/list;591;;;;;;
2021-08-25 11:47:37.865;/manager/task/list;1151;;;;;;
2021-08-25 11:47:43.509;/manager/task/list;595;;;;;;
2021-08-25 11:47:47.144;/manager/task/list;623;;;;;;
2021-08-25 11:47:52.783;/manager/task/list;595;;;;;;
2021-08-25 11:47:59.667;/manager/task/list;597;;;;;;
2021-08-25 11:48:06.574;/manager/task/list;595;;;;;;
2021-08-25 11:48:13.487;/manager/task/list;580;;;;;;
2021-08-25 11:48:20.379;/manager/task/list;597;;;;;;
2021-08-25 11:48:27.333;/manager/task/list;590;;;;;;
2021-08-25 11:48:34.233;/manager/task/list;593;;;;;;
2021-08-25 11:48:41.026;/manager/task/list;594;;;;;;
2021-08-25 11:48:47.994;/manager/task/list;588;;;;;;
2021-08-25 11:48:54.947;/manager/task/list;582;;;;;;
2021-08-25 11:49:01.902;/manager/task/list;592;;;;;;
2021-08-25 11:49:08.832;/manager/task/list;594;;;;;;
2021-08-25 11:49:15.693;/manager/task/list;598;;;;;;
2021-08-25 11:49:22.606;/manager/task/list;597;;;;;;
2021-08-25 11:49:29.398;/manager/task/list;596;;;;;;
2021-08-25 11:49:36.402;/manager/task/list;582;;;;;;
2021-08-25 11:49:43.577;/manager/task/list;592;;;;;;
2021-08-25 11:49:50.554;/manager/task/list;594;;;;;;
2021-08-25 11:49:57.357;/manager/task/list;595;;;;;;
2021-08-25 11:50:04.767;/manager/task/list;594;;;;;;
2021-08-25 11:50:11.74;/manager/task/list;605;;;;;;
2021-08-25 11:50:18.615;/manager/task/list;595;;;;;;
2021-08-25 11:50:25.716;/manager/task/list;637;;;;;;
2021-08-25 11:50:32.92;/manager/task/list;594;;;;;;
2021-08-25 11:50:39.765;/manager/task/list;587;;;;;;
2021-08-25 11:50:47.114;/manager/task/list;585;;;;;;
2021-08-25 11:50:53.931;/manager/task/list;592;;;;;;
2021-08-25 11:51:00.8;/manager/task/list;602;;;;;;
2021-08-25 11:51:08.026;/manager/task/list;599;;;;;;
2021-08-25 11:51:15.094;/manager/task/list;597;;;;;;
2021-08-25 11:51:22.148;/manager/task/list;598;;;;;;
2021-08-25 11:34:29.239;/manager/task/show;595;;;;;;
2021-08-25 11:34:37.82;/manager/task/show;595;;;;;;
2021-08-25 11:34:46.374;/manager/task/show;594;;;;;;
2021-08-25 11:34:55.053;/manager/task/show;608;;;;;;
2021-08-25 11:35:03.952;/manager/task/show;582;;;;;;
2021-08-25 11:35:12.345;/manager/task/show;591;;;;;;
2021-08-25 11:35:20.917;/manager/task/show;607;;;;;;
2021-08-25 11:35:29.072;/manager/task/show;582;;;;;;
2021-08-25 11:35:37.682;/manager/task/show;579;;;;;;
2021-08-25 11:35:46.737;/manager/task/show;597;;;;;;
2021-08-25 11:35:55.494;/manager/task/show;609;;;;;;
2021-08-25 11:36:03.966;/manager/task/show;593;;;;;;
2021-08-25 11:36:12.483;/manager/task/show;592;;;;;;
2021-08-25 11:36:20.799;/manager/task/show;594;;;;;;
2021-08-25 11:36:29.194;/manager/task/show;590;;;;;;
2021-08-25 11:36:36.814;/manager/task/show;596;;;;;;
2021-08-25 11:36:45.051;/manager/task/show;599;;;;;;
2021-08-25 11:36:52.966;/manager/task/show;613;;;;;;
2021-08-25 11:37:01.501;/manager/task/show;583;;;;;;
2021-08-25 11:37:09.915;/manager/task/show;597;;;;;;
2021-08-25 11:37:18.603;/manager/task/show;587;;;;;;
2021-08-25 11:37:27.074;/manager/task/show;593;;;;;;
2021-08-25 11:37:34.987;/manager/task/show;590;;;;;;
2021-08-25 11:40:43.845;/manager/task/show;593;;;;;;
2021-08-25 11:40:50.2;/manager/task/show;597;;;;;;
2021-08-25 11:40:56.614;/manager/task/show;612;;;;;;
2021-08-25 11:41:02.868;/manager/task/show;592;;;;;;
2021-08-25 11:41:09.157;/manager/task/show;592;;;;;;
2021-08-25 11:41:15.492;/manager/task/show;612;;;;;;
2021-08-25 11:41:21.874;/manager/task/show;596;;;;;;
2021-08-25 11:41:28.169;/manager/task/show;598;;;;;;
2021-08-25 11:41:34.49;/manager/task/show;610;;;;;;
2021-08-25 11:41:40.698;/manager/task/show;592;;;;;;
2021-08-25 11:41:47.124;/manager/task/show;595;;;;;;
2021-08-25 11:41:53.37;/manager/task/show;587;;;;;;
2021-08-25 11:42:34.126;/manager/task/show;610;;;;;;
2021-08-25 11:42:41.174;/manager/task/show;610;;;;;;
2021-08-25 11:42:48.672;/manager/task/show;594;;;;;;
2021-08-25 11:42:56.413;/manager/task/show;594;;;;;;
2021-08-25 11:43:03.889;/manager/task/show;593;;;;;;
2021-08-25 11:43:11.374;/manager/task/show;594;;;;;;
2021-08-25 11:43:18.446;/manager/task/show;608;;;;;;
2021-08-25 11:43:25.564;/manager/task/show;627;;;;;;
2021-08-25 11:43:32.559;/manager/task/show;591;;;;;;
2021-08-25 11:43:39.657;/manager/task/show;593;;;;;;
2021-08-25 11:43:46.65;/manager/task/show;612;;;;;;
2021-08-25 11:43:53.708;/manager/task/show;597;;;;;;
2021-08-25 11:44:32.673;/manager/task/show;595;;;;;;
2021-08-25 11:44:35.589;/manager/task/show;593;;;;;;
2021-08-25 11:44:41.287;/manager/task/show;595;;;;;;
2021-08-25 11:44:44.221;/manager/task/show;592;;;;;;
2021-08-25 11:44:49.83;/manager/task/show;598;;;;;;
2021-08-25 11:44:52.79;/manager/task/show;593;;;;;;
2021-08-25 11:44:58.536;/manager/task/show;592;;;;;;
2021-08-25 11:45:01.89;/manager/task/show;596;;;;;;
2021-08-25 11:45:07.713;/manager/task/show;598;;;;;;
2021-08-25 11:45:10.135;/manager/task/show;594;;;;;;
2021-08-25 11:45:15.798;/manager/task/show;599;;;;;;
2021-08-25 11:45:18.293;/manager/task/show;598;;;;;;
2021-08-25 11:45:23.924;/manager/task/show;596;;;;;;
2021-08-25 11:45:27.446;/manager/task/show;595;;;;;;
2021-08-25 11:45:33.184;/manager/task/show;593;;;;;;
2021-08-25 11:45:36.217;/manager/task/show;607;;;;;;
2021-08-25 11:45:41.926;/manager/task/show;596;;;;;;
2021-08-25 11:45:45.309;/manager/task/show;583;;;;;;
2021-08-25 11:45:50.953;/manager/task/show;594;;;;;;
2021-08-25 11:45:53.93;/manager/task/show;590;;;;;;
2021-08-25 11:45:59.519;/manager/task/show;595;;;;;;
2021-08-25 11:46:02.686;/manager/task/show;596;;;;;;
2021-08-25 11:46:08.311;/manager/task/show;599;;;;;;
2021-08-25 11:46:11.763;/manager/task/show;599;;;;;;
2021-08-25 11:46:17.366;/manager/task/show;582;;;;;;
2021-08-25 11:46:20.351;/manager/task/show;593;;;;;;
2021-08-25 11:46:25.978;/manager/task/show;596;;;;;;
2021-08-25 11:46:29.127;/manager/task/show;591;;;;;;
2021-08-25 11:46:34.843;/manager/task/show;596;;;;;;
2021-08-25 11:46:37.783;/manager/task/show;592;;;;;;
2021-08-25 11:46:43.439;/manager/task/show;595;;;;;;
2021-08-25 11:46:46.528;/manager/task/show;581;;;;;;
2021-08-25 11:46:52.206;/manager/task/show;600;;;;;;
2021-08-25 11:46:55.212;/manager/task/show;596;;;;;;
2021-08-25 11:47:00.894;/manager/task/show;592;;;;;;
2021-08-25 11:47:03.334;/manager/task/show;593;;;;;;
2021-08-25 11:47:08.989;/manager/task/show;592;;;;;;
2021-08-25 11:47:12.398;/manager/task/show;592;;;;;;
2021-08-25 11:47:18.029;/manager/task/show;587;;;;;;
2021-08-25 11:47:21.22;/manager/task/show;597;;;;;;
2021-08-25 11:47:26.899;/manager/task/show;594;;;;;;
2021-08-25 11:47:29.907;/manager/task/show;596;;;;;;
2021-08-25 11:47:35.549;/manager/task/show;597;;;;;;
2021-08-25 11:47:38.694;/manager/task/show;595;;;;;;
2021-08-25 11:47:44.331;/manager/task/show;591;;;;;;
2021-08-25 11:47:47.972;/manager/task/show;597;;;;;;
2021-08-25 11:47:53.61;/manager/task/show;595;;;;;;
2021-08-25 11:48:00.494;/manager/task/show;595;;;;;;
2021-08-25 11:48:07.42;/manager/task/show;610;;;;;;
2021-08-25 11:48:14.315;/manager/task/show;598;;;;;;
2021-08-25 11:48:21.204;/manager/task/show;591;;;;;;
2021-08-25 11:48:28.156;/manager/task/show;591;;;;;;
2021-08-25 11:48:35.057;/manager/task/show;595;;;;;;
2021-08-25 11:48:41.845;/manager/task/show;585;;;;;;
2021-08-25 11:48:48.808;/manager/task/show;583;;;;;;
2021-08-25 11:48:55.775;/manager/task/show;597;;;;;;
2021-08-25 11:49:02.726;/manager/task/show;595;;;;;;
2021-08-25 11:49:09.648;/manager/task/show;585;;;;;;
2021-08-25 11:49:16.536;/manager/task/show;612;;;;;;
2021-08-25 11:49:23.438;/manager/task/show;599;;;;;;
2021-08-25 11:49:30.24;/manager/task/show;595;;;;;;
2021-08-25 11:49:37.256;/manager/task/show;595;;;;;;
2021-08-25 11:49:44.406;/manager/task/show;593;;;;;;
2021-08-25 11:49:51.383;/manager/task/show;592;;;;;;
2021-08-25 11:49:58.215;/manager/task/show;612;;;;;;
2021-08-25 11:50:05.613;/manager/task/show;611;;;;;;
2021-08-25 11:50:12.608;/manager/task/show;606;;;;;;
2021-08-25 11:50:19.461;/manager/task/show;594;;;;;;
2021-08-25 11:50:26.54;/manager/task/show;597;;;;;;
2021-08-25 11:50:33.75;/manager/task/show;596;;;;;;
2021-08-25 11:50:40.598;/manager/task/show;587;;;;;;
2021-08-25 11:50:47.943;/manager/task/show;599;;;;;;
2021-08-25 11:50:54.756;/manager/task/show;595;;;;;;
2021-08-25 11:51:01.639;/manager/task/show;608;;;;;;
2021-08-25 11:51:08.882;/manager/task/show;591;;;;;;
2021-08-25 11:51:15.926;/manager/task/show;600;;;;;;
2021-08-25 11:51:22.992;/manager/task/show;609;;;;;;
2021-08-25 11:47:55.264;/manager/task/update;582;;;;;;
2021-08-25 11:48:02.028;/manager/task/update;593;;;;;;
2021-08-25 11:48:09.041;/manager/task/update;595;;;;;;
2021-08-25 11:48:15.861;/manager/task/update;594;;;;;;
2021-08-25 11:48:22.799;/manager/task/update;611;;;;;;
2021-08-25 11:48:29.73;/manager/task/update;593;;;;;;
2021-08-25 11:48:36.635;/manager/task/update;609;;;;;;
2021-08-25 11:48:43.563;/manager/task/update;613;;;;;;
2021-08-25 11:48:50.566;/manager/task/update;583;;;;;;
2021-08-25 11:48:57.315;/manager/task/update;596;;;;;;
2021-08-25 11:49:04.347;/manager/task/update;610;;;;;;
2021-08-25 11:49:11.204;/manager/task/update;593;;;;;;
2021-08-25 11:49:18.101;/manager/task/update;595;;;;;;
2021-08-25 11:49:24.992;/manager/task/update;595;;;;;;
2021-08-25 11:49:31.833;/manager/task/update;609;;;;;;
2021-08-25 11:49:39.037;/manager/task/update;594;;;;;;
2021-08-25 11:49:46.026;/manager/task/update;583;;;;;;
2021-08-25 11:49:52.926;/manager/task/update;592;;;;;;
2021-08-25 11:50:00.081;/manager/task/update;595;;;;;;
2021-08-25 11:50:07.239;/manager/task/update;597;;;;;;
2021-08-25 11:50:14.145;/manager/task/update;596;;;;;;
2021-08-25 11:50:21.085;/manager/task/update;652;;;;;;
2021-08-25 11:50:28.384;/manager/task/update;608;;;;;;
2021-08-25 11:50:35.302;/manager/task/update;599;;;;;;
2021-08-25 11:50:42.333;/manager/task/update;628;;;;;;
2021-08-25 11:50:49.504;/manager/task/update;598;;;;;;
2021-08-25 11:50:56.348;/manager/task/update;593;;;;;;
2021-08-25 11:51:03.424;/manager/task/update;595;;;;;;
2021-08-25 11:51:10.507;/manager/task/update;602;;;;;;
2021-08-25 11:51:17.691;/manager/task/update;596;;;;;;
2021-08-25 11:51:24.508;/manager/task/update;598;;;;;;
2021-08-25 11:28:25.347;/master/sign-in;3356;;;;;;
2021-08-25 11:28:42.596;/master/sign-in;600;;;;;;
2021-08-25 11:28:56.796;/master/sign-in;646;;;;;;
2021-08-25 11:29:13.19;/master/sign-in;598;;;;;;
2021-08-25 11:29:21.591;/master/sign-in;598;;;;;;
2021-08-25 11:29:28.776;/master/sign-in;597;;;;;;
2021-08-25 11:29:36.442;/master/sign-in;595;;;;;;
2021-08-25 11:29:44.266;/master/sign-in;597;;;;;;
2021-08-25 11:29:52.096;/master/sign-in;652;;;;;;
2021-08-25 11:29:59.351;/master/sign-in;600;;;;;;
2021-08-25 11:30:07.12;/master/sign-in;587;;;;;;
2021-08-25 11:30:14.421;/master/sign-in;596;;;;;;
2021-08-25 11:30:22.323;/master/sign-in;595;;;;;;
2021-08-25 11:30:29.594;/master/sign-in;597;;;;;;
2021-08-25 11:30:37.433;/master/sign-in;594;;;;;;
2021-08-25 11:30:45.184;/master/sign-in;597;;;;;;
2021-08-25 11:30:51.51;/master/sign-in;583;;;;;;
2021-08-25 11:30:57.827;/master/sign-in;582;;;;;;
2021-08-25 11:31:04.075;/master/sign-in;597;;;;;;
2021-08-25 11:31:10.376;/master/sign-in;595;;;;;;
2021-08-25 11:31:16.721;/master/sign-in;592;;;;;;
2021-08-25 11:31:23.007;/master/sign-in;591;;;;;;
2021-08-25 11:31:29.343;/master/sign-in;592;;;;;;
2021-08-25 11:31:35.595;/master/sign-in;596;;;;;;
2021-08-25 11:31:41.774;/master/sign-in;594;;;;;;
2021-08-25 11:31:48.092;/master/sign-in;590;;;;;;
2021-08-25 11:31:54.574;/master/sign-in;594;;;;;;
2021-08-25 11:32:00.819;/master/sign-in;597;;;;;;
2021-08-25 11:32:07.095;/master/sign-in;596;;;;;;
2021-08-25 11:32:13.361;/master/sign-in;592;;;;;;
2021-08-25 11:32:26.524;/master/sign-in;611;;;;;;
2021-08-25 11:32:41.965;/master/sign-in;597;;;;;;
2021-08-25 11:32:46.281;/master/sign-in;597;;;;;;
2021-08-25 11:32:50.25;/master/sign-in;593;;;;;;
2021-08-25 11:33:00.212;/master/sign-in;599;;;;;;
2021-08-25 11:33:17.952;/master/sign-in;592;;;;;;
2021-08-25 11:33:25.632;/master/sign-in;593;;;;;;
2021-08-25 11:33:32.089;/master/sign-in;595;;;;;;
2021-08-25 11:33:38.416;/master/sign-in;591;;;;;;
2021-08-25 11:33:44.863;/master/sign-in;596;;;;;;
2021-08-25 11:33:51.589;/master/sign-in;601;;;;;;
2021-08-25 11:34:05.678;/master/sign-in;606;;;;;;
2021-08-25 11:34:21.967;/master/sign-in;597;;;;;;
2021-08-25 11:34:31.016;/master/sign-in;595;;;;;;
2021-08-25 11:34:39.53;/master/sign-in;584;;;;;;
2021-08-25 11:34:48.135;/master/sign-in;591;;;;;;
2021-08-25 11:34:56.757;/master/sign-in;593;;;;;;
2021-08-25 11:35:05.643;/master/sign-in;596;;;;;;
2021-08-25 11:35:14.04;/master/sign-in;604;;;;;;
2021-08-25 11:35:22.646;/master/sign-in;592;;;;;;
2021-08-25 11:35:30.763;/master/sign-in;600;;;;;;
2021-08-25 11:35:39.34;/master/sign-in;595;;;;;;
2021-08-25 11:35:48.409;/master/sign-in;592;;;;;;
2021-08-25 11:35:57.185;/master/sign-in;596;;;;;;
2021-08-25 11:36:05.701;/master/sign-in;597;;;;;;
2021-08-25 11:36:14.253;/master/sign-in;599;;;;;;
2021-08-25 11:36:22.501;/master/sign-in;595;;;;;;
2021-08-25 11:36:30.883;/master/sign-in;592;;;;;;
2021-08-25 11:36:38.515;/master/sign-in;593;;;;;;
2021-08-25 11:36:46.775;/master/sign-in;593;;;;;;
2021-08-25 11:36:54.683;/master/sign-in;588;;;;;;
2021-08-25 11:37:03.186;/master/sign-in;595;;;;;;
2021-08-25 11:37:11.701;/master/sign-in;595;;;;;;
2021-08-25 11:37:20.319;/master/sign-in;593;;;;;;
2021-08-25 11:37:28.816;/master/sign-in;598;;;;;;
2021-08-25 11:37:36.705;/master/sign-in;593;;;;;;
2021-08-25 11:37:41.561;/master/sign-in;590;;;;;;
2021-08-25 11:37:46.776;/master/sign-in;593;;;;;;
2021-08-25 11:37:51.942;/master/sign-in;593;;;;;;
2021-08-25 11:37:57.13;/master/sign-in;593;;;;;;
2021-08-25 11:38:02.326;/master/sign-in;608;;;;;;
2021-08-25 11:38:07.479;/master/sign-in;594;;;;;;
2021-08-25 11:38:12.64;/master/sign-in;596;;;;;;
2021-08-25 11:38:17.992;/master/sign-in;597;;;;;;
2021-08-25 11:38:23.327;/master/sign-in;600;;;;;;
2021-08-25 11:38:28.789;/master/sign-in;590;;;;;;
2021-08-25 11:38:33.992;/master/sign-in;592;;;;;;
2021-08-25 11:38:39.232;/master/sign-in;595;;;;;;
2021-08-25 11:38:44.462;/master/sign-in;592;;;;;;
2021-08-25 11:38:49.746;/master/sign-in;603;;;;;;
2021-08-25 11:38:54.983;/master/sign-in;590;;;;;;
2021-08-25 11:39:00.064;/master/sign-in;593;;;;;;
2021-08-25 11:39:05.326;/master/sign-in;581;;;;;;
2021-08-25 11:39:10.56;/master/sign-in;601;;;;;;
2021-08-25 11:39:15.565;/master/sign-in;595;;;;;;
2021-08-25 11:39:20.803;/master/sign-in;598;;;;;;
2021-08-25 11:39:26.105;/master/sign-in;594;;;;;;
2021-08-25 11:39:31.322;/master/sign-in;593;;;;;;
2021-08-25 11:39:36.271;/master/sign-in;592;;;;;;
2021-08-25 11:39:41.467;/master/sign-in;596;;;;;;
2021-08-25 11:39:46.753;/master/sign-in;591;;;;;;
2021-08-25 11:39:51.962;/master/sign-in;590;;;;;;
2021-08-25 11:39:57.136;/master/sign-in;593;;;;;;
2021-08-25 11:40:02.079;/master/sign-in;636;;;;;;
2021-08-25 11:40:07.321;/master/sign-in;593;;;;;;
2021-08-25 11:40:12.364;/master/sign-in;601;;;;;;
2021-08-25 11:40:23.897;/master/sign-in;622;;;;;;
2021-08-25 11:40:40.149;/master/sign-in;614;;;;;;
2021-08-25 11:40:46.588;/master/sign-in;606;;;;;;
2021-08-25 11:40:52.931;/master/sign-in;597;;;;;;
2021-08-25 11:40:59.267;/master/sign-in;583;;;;;;
2021-08-25 11:41:05.574;/master/sign-in;611;;;;;;
2021-08-25 11:41:11.864;/master/sign-in;594;;;;;;
2021-08-25 11:41:18.159;/master/sign-in;582;;;;;;
2021-08-25 11:41:24.492;/master/sign-in;597;;;;;;
2021-08-25 11:41:30.847;/master/sign-in;581;;;;;;
2021-08-25 11:41:37.127;/master/sign-in;590;;;;;;
2021-08-25 11:41:43.445;/master/sign-in;593;;;;;;
2021-08-25 11:41:49.78;/master/sign-in;596;;;;;;
2021-08-25 11:41:56.019;/master/sign-in;593;;;;;;
2021-08-25 11:42:06.409;/master/sign-in;624;;;;;;
2021-08-25 11:42:22.444;/master/sign-in;591;;;;;;
2021-08-25 11:42:26.592;/master/sign-in;581;;;;;;
2021-08-25 11:42:30.443;/master/sign-in;598;;;;;;
2021-08-25 11:42:37.514;/master/sign-in;613;;;;;;
2021-08-25 11:42:45.036;/master/sign-in;595;;;;;;
2021-08-25 11:42:52.833;/master/sign-in;601;;;;;;
2021-08-25 11:43:00.31;/master/sign-in;579;;;;;;
2021-08-25 11:43:07.805;/master/sign-in;585;;;;;;
2021-08-25 11:43:14.795;/master/sign-in;596;;;;;;
2021-08-25 11:43:21.894;/master/sign-in;590;;;;;;
2021-08-25 11:43:28.934;/master/sign-in;596;;;;;;
2021-08-25 11:43:35.975;/master/sign-in;594;;;;;;
2021-08-25 11:43:42.998;/master/sign-in;598;;;;;;
2021-08-25 11:43:50.059;/master/sign-in;595;;;;;;
2021-08-25 11:43:58.186;/master/sign-in;592;;;;;;
2021-08-25 11:44:02.166;/master/sign-in;610;;;;;;
2021-08-25 11:44:13.095;/master/sign-in;615;;;;;;
2021-08-25 11:44:29.711;/master/sign-in;601;;;;;;
2021-08-25 11:44:38.3;/master/sign-in;591;;;;;;
2021-08-25 11:44:46.919;/master/sign-in;590;;;;;;
2021-08-25 11:44:55.585;/master/sign-in;597;;;;;;
2021-08-25 11:45:04.723;/master/sign-in;593;;;;;;
2021-08-25 11:45:12.863;/master/sign-in;594;;;;;;
2021-08-25 11:45:20.991;/master/sign-in;594;;;;;;
2021-08-25 11:45:30.257;/master/sign-in;600;;;;;;
2021-08-25 11:45:39.001;/master/sign-in;609;;;;;;
2021-08-25 11:45:48.016;/master/sign-in;596;;;;;;
2021-08-25 11:45:56.598;/master/sign-in;592;;;;;;
2021-08-25 11:46:05.383;/master/sign-in;597;;;;;;
2021-08-25 11:46:14.485;/master/sign-in;594;;;;;;
2021-08-25 11:46:23.08;/master/sign-in;594;;;;;;
2021-08-25 11:46:31.887;/master/sign-in;596;;;;;;
2021-08-25 11:46:40.515;/master/sign-in;607;;;;;;
2021-08-25 11:46:49.243;/master/sign-in;599;;;;;;
2021-08-25 11:46:57.957;/master/sign-in;595;;;;;;
2021-08-25 11:47:06.078;/master/sign-in;590;;;;;;
2021-08-25 11:47:15.138;/master/sign-in;598;;;;;;
2021-08-25 11:47:23.972;/master/sign-in;595;;;;;;
2021-08-25 11:47:32.649;/master/sign-in;594;;;;;;
2021-08-25 11:47:41.434;/master/sign-in;591;;;;;;
2021-08-25 11:47:50.711;/master/sign-in;596;;;;;;
2021-08-25 11:47:57.594;/master/sign-in;594;;;;;;
2021-08-25 11:48:04.465;/master/sign-in;583;;;;;;
2021-08-25 11:48:11.407;/master/sign-in;594;;;;;;
2021-08-25 11:48:18.274;/master/sign-in;595;;;;;;
2021-08-25 11:48:25.236;/master/sign-in;591;;;;;;
2021-08-25 11:48:32.133;/master/sign-in;595;;;;;;
2021-08-25 11:48:38.949;/master/sign-in;598;;;;;;
2021-08-25 11:48:45.912;/master/sign-in;595;;;;;;
2021-08-25 11:48:52.866;/master/sign-in;597;;;;;;
2021-08-25 11:48:59.821;/master/sign-in;594;;;;;;
2021-08-25 11:49:06.702;/master/sign-in;596;;;;;;
2021-08-25 11:49:13.619;/master/sign-in;596;;;;;;
2021-08-25 11:49:20.487;/master/sign-in;597;;;;;;
2021-08-25 11:49:27.309;/master/sign-in;595;;;;;;
2021-08-25 11:49:34.291;/master/sign-in;590;;;;;;
2021-08-25 11:49:41.494;/master/sign-in;589;;;;;;
2021-08-25 11:49:48.414;/master/sign-in;597;;;;;;
2021-08-25 11:49:55.265;/master/sign-in;590;;;;;;
2021-08-25 11:50:02.578;/master/sign-in;626;;;;;;
2021-08-25 11:50:09.628;/master/sign-in;594;;;;;;
2021-08-25 11:50:16.495;/master/sign-in;595;;;;;;
2021-08-25 11:50:23.546;/master/sign-in;609;;;;;;
2021-08-25 11:50:30.79;/master/sign-in;597;;;;;;
2021-08-25 11:50:37.689;/master/sign-in;588;;;;;;
2021-08-25 11:50:45.012;/master/sign-in;595;;;;;;
2021-08-25 11:50:51.829;/master/sign-in;600;;;;;;
2021-08-25 11:50:58.721;/master/sign-in;594;;;;;;
2021-08-25 11:51:05.945;/master/sign-in;591;;;;;;
2021-08-25 11:51:12.921;/master/sign-in;592;;;;;;
2021-08-25 11:51:20.043;/master/sign-in;596;;;;;;
2021-08-25 11:51:33.762;/master/sign-in;630;;;;;;
2021-08-25 11:52:03.413;/master/sign-in;594;;;;;;
2021-08-25 11:52:07.284;/master/sign-in;588;;;;;;
2021-08-25 11:52:18.586;/master/sign-in;1155;;;;;;
2021-08-25 11:55:56.39;/master/sign-in;584;;;;;;
2021-08-25 11:56:26.729;/master/sign-in;595;;;;;;
2021-08-25 11:56:30.712;/master/sign-in;592;;;;;;
2021-08-25 11:28:21.377;/master/welcome;8845;;;;;;
2021-08-25 11:28:21.818;/master/welcome;397;;;;;;
2021-08-25 11:28:26.666;/master/welcome;608;;;;;;
2021-08-25 11:28:39.945;/master/welcome;390;;;;;;
2021-08-25 11:28:40.638;/master/welcome;590;;;;;;
2021-08-25 11:28:41.424;/master/welcome;522;;;;;;
2021-08-25 11:28:41.805;/master/welcome;308;;;;;;
2021-08-25 11:28:43.946;/master/welcome;590;;;;;;
2021-08-25 11:28:47.893;/master/welcome;328;;;;;;
2021-08-25 11:28:48.593;/master/welcome;594;;;;;;
2021-08-25 11:28:55.49;/master/welcome;654;;;;;;
2021-08-25 11:28:56.012;/master/welcome;485;;;;;;
2021-08-25 11:28:58.161;/master/welcome;604;;;;;;
2021-08-25 11:29:11.001;/master/welcome;375;;;;;;
2021-08-25 11:29:11.704;/master/welcome;595;;;;;;
2021-08-25 11:29:12.159;/master/welcome;376;;;;;;
2021-08-25 11:29:12.486;/master/welcome;299;;;;;;
2021-08-25 11:29:14.571;/master/welcome;645;;;;;;
2021-08-25 11:29:19.393;/master/welcome;328;;;;;;
2021-08-25 11:29:20.093;/master/welcome;596;;;;;;
2021-08-25 11:29:20.499;/master/welcome;326;;;;;;
2021-08-25 11:29:20.884;/master/welcome;360;;;;;;
2021-08-25 11:29:22.868;/master/welcome;597;;;;;;
2021-08-25 11:29:26.74;/master/welcome;319;;;;;;
2021-08-25 11:29:27.448;/master/welcome;596;;;;;;
2021-08-25 11:29:27.776;/master/welcome;249;;;;;;
2021-08-25 11:29:28.071;/master/welcome;267;;;;;;
2021-08-25 11:29:30.091;/master/welcome;610;;;;;;
2021-08-25 11:29:34.411;/master/welcome;300;;;;;;
2021-08-25 11:29:35.115;/master/welcome;595;;;;;;
2021-08-25 11:29:35.441;/master/welcome;254;;;;;;
2021-08-25 11:29:35.723;/master/welcome;251;;;;;;
2021-08-25 11:29:37.766;/master/welcome;593;;;;;;
2021-08-25 11:29:42.215;/master/welcome;363;;;;;;
2021-08-25 11:29:42.917;/master/welcome;589;;;;;;
2021-08-25 11:29:43.234;/master/welcome;236;;;;;;
2021-08-25 11:29:43.564;/master/welcome;299;;;;;;
2021-08-25 11:29:45.555;/master/welcome;582;;;;;;
2021-08-25 11:29:49.917;/master/welcome;328;;;;;;
2021-08-25 11:29:50.633;/master/welcome;592;;;;;;
2021-08-25 11:29:50.992;/master/welcome;274;;;;;;
2021-08-25 11:29:51.321;/master/welcome;300;;;;;;
2021-08-25 11:29:53.383;/master/welcome;595;;;;;;
2021-08-25 11:29:57.316;/master/welcome;344;;;;;;
2021-08-25 11:29:58.02;/master/welcome;592;;;;;;
2021-08-25 11:29:58.35;/master/welcome;254;;;;;;
2021-08-25 11:29:58.643;/master/welcome;262;;;;;;
2021-08-25 11:30:00.764;/master/welcome;599;;;;;;
2021-08-25 11:30:05.106;/master/welcome;316;;;;;;
2021-08-25 11:30:05.81;/master/welcome;595;;;;;;
2021-08-25 11:30:06.141;/master/welcome;252;;;;;;
2021-08-25 11:30:06.422;/master/welcome;253;;;;;;
2021-08-25 11:30:08.4;/master/welcome;595;;;;;;
2021-08-25 11:30:12.355;/master/welcome;325;;;;;;
2021-08-25 11:30:13.059;/master/welcome;594;;;;;;
2021-08-25 11:30:13.402;/master/welcome;270;;;;;;
2021-08-25 11:30:13.687;/master/welcome;254;;;;;;
2021-08-25 11:30:15.721;/master/welcome;586;;;;;;
2021-08-25 11:30:20.233;/master/welcome;485;;;;;;
2021-08-25 11:30:20.936;/master/welcome;600;;;;;;
2021-08-25 11:30:21.306;/master/welcome;283;;;;;;
2021-08-25 11:30:21.617;/master/welcome;281;;;;;;
2021-08-25 11:30:23.653;/master/welcome;594;;;;;;
2021-08-25 11:30:27.547;/master/welcome;297;;;;;;
2021-08-25 11:30:28.269;/master/welcome;599;;;;;;
2021-08-25 11:30:28.61;/master/welcome;271;;;;;;
2021-08-25 11:30:28.889;/master/welcome;255;;;;;;
2021-08-25 11:30:30.893;/master/welcome;596;;;;;;
2021-08-25 11:30:35.389;/master/welcome;356;;;;;;
2021-08-25 11:30:36.096;/master/welcome;595;;;;;;
2021-08-25 11:30:36.452;/master/welcome;277;;;;;;
2021-08-25 11:30:36.729;/master/welcome;255;;;;;;
2021-08-25 11:30:38.728;/master/welcome;597;;;;;;
2021-08-25 11:30:43.181;/master/welcome;312;;;;;;
2021-08-25 11:30:43.883;/master/welcome;594;;;;;;
2021-08-25 11:30:44.196;/master/welcome;237;;;;;;
2021-08-25 11:30:44.477;/master/welcome;254;;;;;;
2021-08-25 11:30:46.449;/master/welcome;600;;;;;;
2021-08-25 11:30:49.469;/master/welcome;288;;;;;;
2021-08-25 11:30:50.175;/master/welcome;599;;;;;;
2021-08-25 11:30:50.521;/master/welcome;274;;;;;;
2021-08-25 11:30:50.817;/master/welcome;267;;;;;;
2021-08-25 11:30:52.807;/master/welcome;592;;;;;;
2021-08-25 11:30:55.793;/master/welcome;294;;;;;;
2021-08-25 11:30:56.525;/master/welcome;594;;;;;;
2021-08-25 11:30:56.856;/master/welcome;256;;;;;;
2021-08-25 11:30:57.136;/master/welcome;252;;;;;;
2021-08-25 11:30:59.111;/master/welcome;597;;;;;;
2021-08-25 11:31:02.054;/master/welcome;272;;;;;;
2021-08-25 11:31:02.76;/master/welcome;598;;;;;;
2021-08-25 11:31:03.089;/master/welcome;249;;;;;;
2021-08-25 11:31:03.356;/master/welcome;242;;;;;;
2021-08-25 11:31:05.372;/master/welcome;608;;;;;;
2021-08-25 11:31:08.355;/master/welcome;270;;;;;;
2021-08-25 11:31:09.057;/master/welcome;591;;;;;;
2021-08-25 11:31:09.389;/master/welcome;250;;;;;;
2021-08-25 11:31:09.671;/master/welcome;259;;;;;;
2021-08-25 11:31:11.683;/master/welcome;594;;;;;;
2021-08-25 11:31:14.598;/master/welcome;280;;;;;;
2021-08-25 11:31:15.305;/master/welcome;594;;;;;;
2021-08-25 11:31:15.726;/master/welcome;321;;;;;;
2021-08-25 11:31:16.024;/master/welcome;265;;;;;;
2021-08-25 11:31:18.02;/master/welcome;598;;;;;;
2021-08-25 11:31:20.975;/master/welcome;281;;;;;;
2021-08-25 11:31:21.678;/master/welcome;594;;;;;;
2021-08-25 11:31:22.009;/master/welcome;255;;;;;;
2021-08-25 11:31:22.31;/master/welcome;268;;;;;;
2021-08-25 11:31:24.32;/master/welcome;597;;;;;;
2021-08-25 11:31:27.246;/master/welcome;304;;;;;;
2021-08-25 11:31:27.949;/master/welcome;596;;;;;;
2021-08-25 11:31:28.344;/master/welcome;298;;;;;;
2021-08-25 11:31:28.641;/master/welcome;256;;;;;;
2021-08-25 11:31:30.636;/master/welcome;592;;;;;;
2021-08-25 11:31:33.558;/master/welcome;314;;;;;;
2021-08-25 11:31:34.262;/master/welcome;597;;;;;;
2021-08-25 11:31:34.607;/master/welcome;270;;;;;;
2021-08-25 11:31:34.891;/master/welcome;255;;;;;;
2021-08-25 11:31:36.867;/master/welcome;591;;;;;;
2021-08-25 11:31:39.77;/master/welcome;310;;;;;;
2021-08-25 11:31:40.473;/master/welcome;597;;;;;;
2021-08-25 11:31:40.785;/master/welcome;235;;;;;;
2021-08-25 11:31:41.07;/master/welcome;255;;;;;;
2021-08-25 11:31:43.054;/master/welcome;594;;;;;;
2021-08-25 11:31:45.971;/master/welcome;282;;;;;;
2021-08-25 11:31:46.669;/master/welcome;593;;;;;;
2021-08-25 11:31:47.037;/master/welcome;285;;;;;;
2021-08-25 11:31:47.343;/master/welcome;268;;;;;;
2021-08-25 11:31:49.372;/master/welcome;595;;;;;;
2021-08-25 11:31:52.4;/master/welcome;387;;;;;;
2021-08-25 11:31:53.148;/master/welcome;610;;;;;;
2021-08-25 11:31:53.522;/master/welcome;302;;;;;;
2021-08-25 11:31:53.869;/master/welcome;319;;;;;;
2021-08-25 11:31:55.837;/master/welcome;594;;;;;;
2021-08-25 11:31:58.797;/master/welcome;347;;;;;;
2021-08-25 11:31:59.494;/master/welcome;589;;;;;;
2021-08-25 11:31:59.835;/master/welcome;266;;;;;;
2021-08-25 11:32:00.118;/master/welcome;253;;;;;;
2021-08-25 11:32:02.098;/master/welcome;604;;;;;;
2021-08-25 11:32:05.014;/master/welcome;300;;;;;;
2021-08-25 11:32:05.717;/master/welcome;594;;;;;;
2021-08-25 11:32:06.063;/master/welcome;253;;;;;;
2021-08-25 11:32:06.356;/master/welcome;252;;;;;;
2021-08-25 11:32:08.375;/master/welcome;613;;;;;;
2021-08-25 11:32:11.334;/master/welcome;330;;;;;;
2021-08-25 11:32:12.05;/master/welcome;591;;;;;;
2021-08-25 11:32:12.38;/master/welcome;250;;;;;;
2021-08-25 11:32:12.661;/master/welcome;254;;;;;;
2021-08-25 11:32:14.638;/master/welcome;591;;;;;;
2021-08-25 11:32:17.563;/master/welcome;315;;;;;;
2021-08-25 11:32:18.261;/master/welcome;587;;;;;;
2021-08-25 11:32:25.025;/master/welcome;486;;;;;;
2021-08-25 11:32:25.788;/master/welcome;731;;;;;;
2021-08-25 11:32:27.859;/master/welcome;595;;;;;;
2021-08-25 11:32:39.93;/master/welcome;306;;;;;;
2021-08-25 11:32:40.633;/master/welcome;596;;;;;;
2021-08-25 11:32:40.962;/master/welcome;254;;;;;;
2021-08-25 11:32:41.26;/master/welcome;269;;;;;;
2021-08-25 11:32:43.226;/master/welcome;592;;;;;;
2021-08-25 11:32:44.26;/master/welcome;340;;;;;;
2021-08-25 11:32:44.968;/master/welcome;598;;;;;;
2021-08-25 11:32:45.295;/master/welcome;251;;;;;;
2021-08-25 11:32:45.575;/master/welcome;254;;;;;;
2021-08-25 11:32:47.548;/master/welcome;595;;;;;;
2021-08-25 11:32:48.24;/master/welcome;287;;;;;;
2021-08-25 11:32:48.938;/master/welcome;584;;;;;;
2021-08-25 11:32:49.252;/master/welcome;241;;;;;;
2021-08-25 11:32:49.55;/master/welcome;265;;;;;;
2021-08-25 11:32:51.555;/master/welcome;600;;;;;;
2021-08-25 11:32:58.958;/master/welcome;409;;;;;;
2021-08-25 11:32:59.439;/master/welcome;462;;;;;;
2021-08-25 11:33:01.692;/master/welcome;594;;;;;;
2021-08-25 11:33:14.494;/master/welcome;394;;;;;;
2021-08-25 11:33:15.195;/master/welcome;592;;;;;;
2021-08-25 11:33:15.648;/master/welcome;361;;;;;;
2021-08-25 11:33:16.365;/master/welcome;281;;;;;;
2021-08-25 11:33:16.94;/master/welcome;266;;;;;;
2021-08-25 11:33:17.252;/master/welcome;280;;;;;;
2021-08-25 11:33:19.277;/master/welcome;613;;;;;;
2021-08-25 11:33:23.437;/master/welcome;251;;;;;;
2021-08-25 11:33:24.146;/master/welcome;596;;;;;;
2021-08-25 11:33:24.63;/master/welcome;389;;;;;;
2021-08-25 11:33:24.931;/master/welcome;270;;;;;;
2021-08-25 11:33:26.971;/master/welcome;627;;;;;;
2021-08-25 11:33:29.965;/master/welcome;267;;;;;;
2021-08-25 11:33:30.664;/master/welcome;592;;;;;;
2021-08-25 11:33:31.057;/master/welcome;312;;;;;;
2021-08-25 11:33:31.361;/master/welcome;266;;;;;;
2021-08-25 11:33:33.367;/master/welcome;591;;;;;;
2021-08-25 11:33:36.408;/master/welcome;271;;;;;;
2021-08-25 11:33:37.107;/master/welcome;591;;;;;;
2021-08-25 11:33:37.45;/master/welcome;263;;;;;;
2021-08-25 11:33:37.716;/master/welcome;238;;;;;;
2021-08-25 11:33:39.698;/master/welcome;608;;;;;;
2021-08-25 11:33:42.786;/master/welcome;273;;;;;;
2021-08-25 11:33:43.488;/master/welcome;595;;;;;;
2021-08-25 11:33:43.862;/master/welcome;300;;;;;;
2021-08-25 11:33:44.162;/master/welcome;270;;;;;;
2021-08-25 11:33:46.182;/master/welcome;604;;;;;;
2021-08-25 11:33:49.279;/master/welcome;314;;;;;;
2021-08-25 11:33:49.981;/master/welcome;597;;;;;;
2021-08-25 11:33:50.48;/master/welcome;422;;;;;;
2021-08-25 11:33:50.836;/master/welcome;332;;;;;;
2021-08-25 11:33:52.882;/master/welcome;596;;;;;;
2021-08-25 11:33:55.924;/master/welcome;251;;;;;;
2021-08-25 11:33:56.62;/master/welcome;591;;;;;;
2021-08-25 11:34:04.578;/master/welcome;510;;;;;;
2021-08-25 11:34:04.953;/master/welcome;348;;;;;;
2021-08-25 11:34:07.248;/master/welcome;591;;;;;;
2021-08-25 11:34:19.944;/master/welcome;329;;;;;;
2021-08-25 11:34:20.65;/master/welcome;594;;;;;;
2021-08-25 11:34:20.98;/master/welcome;257;;;;;;
2021-08-25 11:34:21.264;/master/welcome;252;;;;;;
2021-08-25 11:34:23.233;/master/welcome;592;;;;;;
2021-08-25 11:34:26.943;/master/welcome;1188;;;;;;
2021-08-25 11:34:29.96;/master/welcome;256;;;;;;
2021-08-25 11:34:30.313;/master/welcome;326;;;;;;
2021-08-25 11:34:32.33;/master/welcome;594;;;;;;
2021-08-25 11:34:35.534;/master/welcome;1171;;;;;;
2021-08-25 11:34:38.539;/master/welcome;257;;;;;;
2021-08-25 11:34:38.838;/master/welcome;268;;;;;;
2021-08-25 11:34:40.81;/master/welcome;592;;;;;;
2021-08-25 11:34:44.091;/master/welcome;1152;;;;;;
2021-08-25 11:34:47.155;/master/welcome;315;;;;;;
2021-08-25 11:34:47.434;/master/welcome;252;;;;;;
2021-08-25 11:34:49.435;/master/welcome;598;;;;;;
2021-08-25 11:34:52.682;/master/welcome;1229;;;;;;
2021-08-25 11:34:55.787;/master/welcome;267;;;;;;
2021-08-25 11:34:56.054;/master/welcome;234;;;;;;
2021-08-25 11:34:58.018;/master/welcome;593;;;;;;
2021-08-25 11:35:01.636;/master/welcome;594;;;;;;
2021-08-25 11:35:04.67;/master/welcome;253;;;;;;
2021-08-25 11:35:04.939;/master/welcome;238;;;;;;
2021-08-25 11:35:06.916;/master/welcome;600;;;;;;
2021-08-25 11:35:10.037;/master/welcome;593;;;;;;
2021-08-25 11:35:13.061;/master/welcome;238;;;;;;
2021-08-25 11:35:13.334;/master/welcome;241;;;;;;
2021-08-25 11:35:15.313;/master/welcome;600;;;;;;
2021-08-25 11:35:18.593;/master/welcome;1154;;;;;;
2021-08-25 11:35:21.647;/master/welcome;265;;;;;;
2021-08-25 11:35:21.925;/master/welcome;247;;;;;;
2021-08-25 11:35:23.938;/master/welcome;609;;;;;;
2021-08-25 11:35:26.755;/master/welcome;655;;;;;;
2021-08-25 11:35:29.782;/master/welcome;241;;;;;;
2021-08-25 11:35:30.065;/master/welcome;251;;;;;;
2021-08-25 11:35:32.078;/master/welcome;591;;;;;;
2021-08-25 11:35:35.265;/master/welcome;1161;;;;;;
2021-08-25 11:35:38.372;/master/welcome;225;;;;;;
2021-08-25 11:35:38.638;/master/welcome;238;;;;;;
2021-08-25 11:35:40.637;/master/welcome;608;;;;;;
2021-08-25 11:35:44.266;/master/welcome;594;;;;;;
2021-08-25 11:35:47.442;/master/welcome;239;;;;;;
2021-08-25 11:35:47.709;/master/welcome;237;;;;;;
2021-08-25 11:35:49.679;/master/welcome;595;;;;;;
2021-08-25 11:35:53.127;/master/welcome;594;;;;;;
2021-08-25 11:35:56.212;/master/welcome;252;;;;;;
2021-08-25 11:35:56.478;/master/welcome;239;;;;;;
2021-08-25 11:35:58.463;/master/welcome;597;;;;;;
2021-08-25 11:36:01.652;/master/welcome;1158;;;;;;
2021-08-25 11:36:04.715;/master/welcome;239;;;;;;
2021-08-25 11:36:04.996;/master/welcome;247;;;;;;
2021-08-25 11:36:06.981;/master/welcome;596;;;;;;
2021-08-25 11:36:10.167;/master/welcome;1190;;;;;;
2021-08-25 11:36:13.215;/master/welcome;255;;;;;;
2021-08-25 11:36:13.543;/master/welcome;281;;;;;;
2021-08-25 11:36:15.53;/master/welcome;585;;;;;;
2021-08-25 11:36:18.457;/master/welcome;1161;;;;;;
2021-08-25 11:36:21.503;/master/welcome;239;;;;;;
2021-08-25 11:36:21.792;/master/welcome;255;;;;;;
2021-08-25 11:36:23.764;/master/welcome;594;;;;;;
2021-08-25 11:36:26.91;/master/welcome;1162;;;;;;
2021-08-25 11:36:29.897;/master/welcome;239;;;;;;
2021-08-25 11:36:30.182;/master/welcome;257;;;;;;
2021-08-25 11:36:32.153;/master/welcome;593;;;;;;
2021-08-25 11:36:34.523;/master/welcome;630;;;;;;
2021-08-25 11:36:37.515;/master/welcome;237;;;;;;
2021-08-25 11:36:37.814;/master/welcome;268;;;;;;
2021-08-25 11:36:39.774;/master/welcome;588;;;;;;
2021-08-25 11:36:42.757;/master/welcome;1175;;;;;;
2021-08-25 11:36:45.788;/master/welcome;253;;;;;;
2021-08-25 11:36:46.074;/master/welcome;247;;;;;;
2021-08-25 11:36:48.037;/master/welcome;596;;;;;;
2021-08-25 11:36:50.689;/master/welcome;690;;;;;;
2021-08-25 11:36:53.71;/master/welcome;269;;;;;;
2021-08-25 11:36:53.986;/master/welcome;244;;;;;;
2021-08-25 11:36:55.99;/master/welcome;596;;;;;;
2021-08-25 11:36:59.194;/master/welcome;1160;;;;;;
2021-08-25 11:37:02.219;/master/welcome;255;;;;;;
2021-08-25 11:37:02.471;/master/welcome;220;;;;;;
2021-08-25 11:37:04.451;/master/welcome;597;;;;;;
2021-08-25 11:37:07.581;/master/welcome;1159;;;;;;
2021-08-25 11:37:10.719;/master/welcome;311;;;;;;
2021-08-25 11:37:11.002;/master/welcome;254;;;;;;
2021-08-25 11:37:12.964;/master/welcome;595;;;;;;
2021-08-25 11:37:16.218;/master/welcome;1200;;;;;;
2021-08-25 11:37:19.352;/master/welcome;237;;;;;;
2021-08-25 11:37:19.62;/master/welcome;240;;;;;;
2021-08-25 11:37:21.569;/master/welcome;584;;;;;;
2021-08-25 11:37:24.795;/master/welcome;1185;;;;;;
2021-08-25 11:37:27.825;/master/welcome;253;;;;;;
2021-08-25 11:37:28.11;/master/welcome;254;;;;;;
2021-08-25 11:37:30.072;/master/welcome;590;;;;;;
2021-08-25 11:37:32.699;/master/welcome;597;;;;;;
2021-08-25 11:37:35.717;/master/welcome;251;;;;;;
2021-08-25 11:37:36.001;/master/welcome;248;;;;;;
2021-08-25 11:37:37.988;/master/welcome;596;;;;;;
2021-08-25 11:37:40.563;/master/welcome;251;;;;;;
2021-08-25 11:37:40.828;/master/welcome;238;;;;;;
2021-08-25 11:37:42.838;/master/welcome;596;;;;;;
2021-08-25 11:37:45.79;/master/welcome;282;;;;;;
2021-08-25 11:37:46.07;/master/welcome;254;;;;;;
2021-08-25 11:37:48.038;/master/welcome;598;;;;;;
2021-08-25 11:37:50.963;/master/welcome;235;;;;;;
2021-08-25 11:37:51.241;/master/welcome;251;;;;;;
2021-08-25 11:37:53.216;/master/welcome;608;;;;;;
2021-08-25 11:37:56.16;/master/welcome;237;;;;;;
2021-08-25 11:37:56.429;/master/welcome;238;;;;;;
2021-08-25 11:37:58.389;/master/welcome;592;;;;;;
2021-08-25 11:38:01.327;/master/welcome;239;;;;;;
2021-08-25 11:38:01.607;/master/welcome;254;;;;;;
2021-08-25 11:38:03.597;/master/welcome;583;;;;;;
2021-08-25 11:38:06.511;/master/welcome;255;;;;;;
2021-08-25 11:38:06.777;/master/welcome;240;;;;;;
2021-08-25 11:38:08.756;/master/welcome;594;;;;;;
2021-08-25 11:38:11.654;/master/welcome;238;;;;;;
2021-08-25 11:38:11.936;/master/welcome;235;;;;;;
2021-08-25 11:38:13.935;/master/welcome;581;;;;;;
2021-08-25 11:38:16.975;/master/welcome;255;;;;;;
2021-08-25 11:38:17.273;/master/welcome;266;;;;;;
2021-08-25 11:38:19.253;/master/welcome;595;;;;;;
2021-08-25 11:38:22.334;/master/welcome;261;;;;;;
2021-08-25 11:38:22.617;/master/welcome;253;;;;;;
2021-08-25 11:38:24.673;/master/welcome;619;;;;;;
2021-08-25 11:38:27.809;/master/welcome;328;;;;;;
2021-08-25 11:38:28.094;/master/welcome;252;;;;;;
2021-08-25 11:38:30.048;/master/welcome;598;;;;;;
2021-08-25 11:38:33.01;/master/welcome;269;;;;;;
2021-08-25 11:38:33.288;/master/welcome;253;;;;;;
2021-08-25 11:38:35.255;/master/welcome;591;;;;;;
2021-08-25 11:38:38.241;/master/welcome;268;;;;;;
2021-08-25 11:38:38.528;/master/welcome;250;;;;;;
2021-08-25 11:38:40.516;/master/welcome;599;;;;;;
2021-08-25 11:38:43.464;/master/welcome;281;;;;;;
2021-08-25 11:38:43.762;/master/welcome;273;;;;;;
2021-08-25 11:38:45.74;/master/welcome;593;;;;;;
2021-08-25 11:38:48.722;/master/welcome;287;;;;;;
2021-08-25 11:38:49.012;/master/welcome;252;;;;;;
2021-08-25 11:38:51.016;/master/welcome;596;;;;;;
2021-08-25 11:38:53.999;/master/welcome;300;;;;;;
2021-08-25 11:38:54.284;/master/welcome;255;;;;;;
2021-08-25 11:38:56.249;/master/welcome;593;;;;;;
2021-08-25 11:38:59.054;/master/welcome;286;;;;;;
2021-08-25 11:38:59.362;/master/welcome;281;;;;;;
2021-08-25 11:39:01.343;/master/welcome;592;;;;;;
2021-08-25 11:39:04.359;/master/welcome;264;;;;;;
2021-08-25 11:39:04.638;/master/welcome;253;;;;;;
2021-08-25 11:39:06.598;/master/welcome;593;;;;;;
2021-08-25 11:39:09.567;/master/welcome;283;;;;;;
2021-08-25 11:39:09.854;/master/welcome;249;;;;;;
2021-08-25 11:39:11.846;/master/welcome;595;;;;;;
2021-08-25 11:39:14.592;/master/welcome;253;;;;;;
2021-08-25 11:39:14.859;/master/welcome;239;;;;;;
2021-08-25 11:39:16.854;/master/welcome;591;;;;;;
2021-08-25 11:39:19.826;/master/welcome;284;;;;;;
2021-08-25 11:39:20.096;/master/welcome;241;;;;;;
2021-08-25 11:39:22.114;/master/welcome;599;;;;;;
2021-08-25 11:39:25.096;/master/welcome;255;;;;;;
2021-08-25 11:39:25.382;/master/welcome;258;;;;;;
2021-08-25 11:39:27.367;/master/welcome;596;;;;;;
2021-08-25 11:39:30.291;/master/welcome;254;;;;;;
2021-08-25 11:39:30.589;/master/welcome;259;;;;;;
2021-08-25 11:39:32.582;/master/welcome;594;;;;;;
2021-08-25 11:39:35.285;/master/welcome;267;;;;;;
2021-08-25 11:39:35.566;/master/welcome;251;;;;;;
2021-08-25 11:39:37.535;/master/welcome;590;;;;;;
2021-08-25 11:39:40.501;/master/welcome;270;;;;;;
2021-08-25 11:39:40.768;/master/welcome;240;;;;;;
2021-08-25 11:39:42.719;/master/welcome;584;;;;;;
2021-08-25 11:39:45.726;/master/welcome;285;;;;;;
2021-08-25 11:39:46.035;/master/welcome;283;;;;;;
2021-08-25 11:39:48.029;/master/welcome;592;;;;;;
2021-08-25 11:39:50.98;/master/welcome;264;;;;;;
2021-08-25 11:39:51.263;/master/welcome;254;;;;;;
2021-08-25 11:39:53.234;/master/welcome;597;;;;;;
2021-08-25 11:39:56.171;/master/welcome;284;;;;;;
2021-08-25 11:39:56.437;/master/welcome;239;;;;;;
2021-08-25 11:39:58.453;/master/welcome;599;;;;;;
2021-08-25 11:40:01.08;/master/welcome;238;;;;;;
2021-08-25 11:40:01.343;/master/welcome;238;;;;;;
2021-08-25 11:40:03.354;/master/welcome;589;;;;;;
2021-08-25 11:40:06.318;/master/welcome;285;;;;;;
2021-08-25 11:40:06.621;/master/welcome;274;;;;;;
2021-08-25 11:40:08.599;/master/welcome;592;;;;;;
2021-08-25 11:40:11.315;/master/welcome;270;;;;;;
2021-08-25 11:40:11.641;/master/welcome;298;;;;;;
2021-08-25 11:40:13.646;/master/welcome;594;;;;;;
2021-08-25 11:40:22.643;/master/welcome;517;;;;;;
2021-08-25 11:40:23.158;/master/welcome;495;;;;;;
2021-08-25 11:40:25.304;/master/welcome;622;;;;;;
2021-08-25 11:40:37.92;/master/welcome;313;;;;;;
2021-08-25 11:40:38.616;/master/welcome;590;;;;;;
2021-08-25 11:40:39.053;/master/welcome;358;;;;;;
2021-08-25 11:40:39.425;/master/welcome;343;;;;;;
2021-08-25 11:40:41.461;/master/welcome;620;;;;;;
2021-08-25 11:40:44.528;/master/welcome;301;;;;;;
2021-08-25 11:40:45.23;/master/welcome;594;;;;;;
2021-08-25 11:40:45.591;/master/welcome;286;;;;;;
2021-08-25 11:40:45.874;/master/welcome;252;;;;;;
2021-08-25 11:40:47.875;/master/welcome;596;;;;;;
2021-08-25 11:40:50.871;/master/welcome;239;;;;;;
2021-08-25 11:40:51.602;/master/welcome;592;;;;;;
2021-08-25 11:40:51.958;/master/welcome;282;;;;;;
2021-08-25 11:40:52.228;/master/welcome;235;;;;;;
2021-08-25 11:40:54.199;/master/welcome;596;;;;;;
2021-08-25 11:40:57.238;/master/welcome;240;;;;;;
2021-08-25 11:40:57.939;/master/welcome;594;;;;;;
2021-08-25 11:40:58.314;/master/welcome;299;;;;;;
2021-08-25 11:40:58.575;/master/welcome;234;;;;;;
2021-08-25 11:41:00.548;/master/welcome;594;;;;;;
2021-08-25 11:41:03.494;/master/welcome;240;;;;;;
2021-08-25 11:41:04.201;/master/welcome;597;;;;;;
2021-08-25 11:41:04.571;/master/welcome;296;;;;;;
2021-08-25 11:41:04.854;/master/welcome;251;;;;;;
2021-08-25 11:41:06.829;/master/welcome;583;;;;;;
2021-08-25 11:41:09.823;/master/welcome;245;;;;;;
2021-08-25 11:41:10.527;/master/welcome;601;;;;;;
2021-08-25 11:41:10.876;/master/welcome;267;;;;;;
2021-08-25 11:41:11.159;/master/welcome;251;;;;;;
2021-08-25 11:41:13.142;/master/welcome;608;;;;;;
2021-08-25 11:41:16.126;/master/welcome;247;;;;;;
2021-08-25 11:41:16.827;/master/welcome;595;;;;;;
2021-08-25 11:41:17.187;/master/welcome;285;;;;;;
2021-08-25 11:41:17.468;/master/welcome;251;;;;;;
2021-08-25 11:41:19.515;/master/welcome;591;;;;;;
2021-08-25 11:41:22.503;/master/welcome;242;;;;;;
2021-08-25 11:41:23.208;/master/welcome;594;;;;;;
2021-08-25 11:41:23.535;/master/welcome;253;;;;;;
2021-08-25 11:41:23.786;/master/welcome;222;;;;;;
2021-08-25 11:41:25.752;/master/welcome;591;;;;;;
2021-08-25 11:41:28.839;/master/welcome;280;;;;;;
2021-08-25 11:41:29.532;/master/welcome;583;;;;;;
2021-08-25 11:41:29.893;/master/welcome;283;;;;;;
2021-08-25 11:41:30.16;/master/welcome;238;;;;;;
2021-08-25 11:41:32.116;/master/welcome;597;;;;;;
2021-08-25 11:41:35.117;/master/welcome;238;;;;;;
2021-08-25 11:41:35.818;/master/welcome;595;;;;;;
2021-08-25 11:41:36.177;/master/welcome;285;;;;;;
2021-08-25 11:41:36.429;/master/welcome;229;;;;;;
2021-08-25 11:41:38.391;/master/welcome;596;;;;;;
2021-08-25 11:41:41.355;/master/welcome;268;;;;;;
2021-08-25 11:41:42.057;/master/welcome;592;;;;;;
2021-08-25 11:41:42.46;/master/welcome;315;;;;;;
2021-08-25 11:41:42.748;/master/welcome;253;;;;;;
2021-08-25 11:41:44.705;/master/welcome;590;;;;;;
2021-08-25 11:41:47.762;/master/welcome;250;;;;;;
2021-08-25 11:41:48.463;/master/welcome;594;;;;;;
2021-08-25 11:41:48.806;/master/welcome;270;;;;;;
2021-08-25 11:41:49.077;/master/welcome;240;;;;;;
2021-08-25 11:41:51.066;/master/welcome;593;;;;;;
2021-08-25 11:41:53.996;/master/welcome;237;;;;;;
2021-08-25 11:41:54.698;/master/welcome;593;;;;;;
2021-08-25 11:41:55.037;/master/welcome;263;;;;;;
2021-08-25 11:41:55.318;/master/welcome;252;;;;;;
2021-08-25 11:41:57.35;/master/welcome;599;;;;;;
2021-08-25 11:41:58.114;/master/welcome;280;;;;;;
2021-08-25 11:41:58.815;/master/welcome;592;;;;;;
2021-08-25 11:42:05.3;/master/welcome;534;;;;;;
2021-08-25 11:42:05.656;/master/welcome;327;;;;;;
2021-08-25 11:42:07.813;/master/welcome;607;;;;;;
2021-08-25 11:42:20.411;/master/welcome;284;;;;;;
2021-08-25 11:42:21.116;/master/welcome;595;;;;;;
2021-08-25 11:42:21.444;/master/welcome;252;;;;;;
2021-08-25 11:42:21.708;/master/welcome;235;;;;;;
2021-08-25 11:42:23.733;/master/welcome;618;;;;;;
2021-08-25 11:42:24.386;/master/welcome;276;;;;;;
2021-08-25 11:42:25.093;/master/welcome;596;;;;;;
2021-08-25 11:42:25.419;/master/welcome;252;;;;;;
2021-08-25 11:42:25.904;/master/welcome;455;;;;;;
2021-08-25 11:42:27.87;/master/welcome;590;;;;;;
2021-08-25 11:42:28.432;/master/welcome;258;;;;;;
2021-08-25 11:42:29.138;/master/welcome;583;;;;;;
2021-08-25 11:42:29.455;/master/welcome;236;;;;;;
2021-08-25 11:42:29.706;/master/welcome;221;;;;;;
2021-08-25 11:42:31.705;/master/welcome;594;;;;;;
2021-08-25 11:42:35.527;/master/welcome;267;;;;;;
2021-08-25 11:42:36.234;/master/welcome;598;;;;;;
2021-08-25 11:42:36.55;/master/welcome;238;;;;;;
2021-08-25 11:42:36.798;/master/welcome;221;;;;;;
2021-08-25 11:42:38.824;/master/welcome;594;;;;;;
2021-08-25 11:42:43.052;/master/welcome;255;;;;;;
2021-08-25 11:42:43.753;/master/welcome;595;;;;;;
2021-08-25 11:42:44.065;/master/welcome;236;;;;;;
2021-08-25 11:42:44.337;/master/welcome;242;;;;;;
2021-08-25 11:42:46.304;/master/welcome;596;;;;;;
2021-08-25 11:42:50.612;/master/welcome;297;;;;;;
2021-08-25 11:42:51.318;/master/welcome;597;;;;;;
2021-08-25 11:42:51.817;/master/welcome;424;;;;;;
2021-08-25 11:42:52.113;/master/welcome;261;;;;;;
2021-08-25 11:42:54.092;/master/welcome;593;;;;;;
2021-08-25 11:42:58.294;/master/welcome;269;;;;;;
2021-08-25 11:42:58.995;/master/welcome;592;;;;;;
2021-08-25 11:42:59.308;/master/welcome;242;;;;;;
2021-08-25 11:42:59.624;/master/welcome;283;;;;;;
2021-08-25 11:43:01.556;/master/welcome;601;;;;;;
2021-08-25 11:43:05.788;/master/welcome;248;;;;;;
2021-08-25 11:43:06.49;/master/welcome;597;;;;;;
2021-08-25 11:43:06.846;/master/welcome;256;;;;;;
2021-08-25 11:43:07.113;/master/welcome;227;;;;;;
2021-08-25 11:43:09.062;/master/welcome;591;;;;;;
2021-08-25 11:43:12.761;/master/welcome;251;;;;;;
2021-08-25 11:43:13.461;/master/welcome;594;;;;;;
2021-08-25 11:43:13.808;/master/welcome;268;;;;;;
2021-08-25 11:43:14.09;/master/welcome;250;;;;;;
2021-08-25 11:43:16.105;/master/welcome;623;;;;;;
2021-08-25 11:43:19.818;/master/welcome;281;;;;;;
2021-08-25 11:43:20.565;/master/welcome;629;;;;;;
2021-08-25 11:43:20.912;/master/welcome;271;;;;;;
2021-08-25 11:43:21.197;/master/welcome;250;;;;;;
2021-08-25 11:43:23.174;/master/welcome;613;;;;;;
2021-08-25 11:43:26.921;/master/welcome;252;;;;;;
2021-08-25 11:43:27.626;/master/welcome;596;;;;;;
2021-08-25 11:43:27.967;/master/welcome;269;;;;;;
2021-08-25 11:43:28.23;/master/welcome;234;;;;;;
2021-08-25 11:43:30.219;/master/welcome;597;;;;;;
2021-08-25 11:43:33.958;/master/welcome;263;;;;;;
2021-08-25 11:43:34.675;/master/welcome;597;;;;;;
2021-08-25 11:43:34.992;/master/welcome;242;;;;;;
2021-08-25 11:43:35.276;/master/welcome;252;;;;;;
2021-08-25 11:43:37.258;/master/welcome;594;;;;;;
2021-08-25 11:43:40.99;/master/welcome;269;;;;;;
2021-08-25 11:43:41.685;/master/welcome;588;;;;;;
2021-08-25 11:43:42.014;/master/welcome;251;;;;;;
2021-08-25 11:43:42.294;/master/welcome;248;;;;;;
2021-08-25 11:43:44.278;/master/welcome;593;;;;;;
2021-08-25 11:43:48.049;/master/welcome;265;;;;;;
2021-08-25 11:43:48.746;/master/welcome;591;;;;;;
2021-08-25 11:43:49.074;/master/welcome;250;;;;;;
2021-08-25 11:43:49.358;/master/welcome;250;;;;;;
2021-08-25 11:43:51.344;/master/welcome;598;;;;;;
2021-08-25 11:43:55.566;/master/welcome;239;;;;;;
2021-08-25 11:43:56.271;/master/welcome;594;;;;;;
2021-08-25 11:43:56.578;/master/welcome;233;;;;;;
2021-08-25 11:43:57.201;/master/welcome;255;;;;;;
2021-08-25 11:43:57.489;/master/welcome;251;;;;;;
2021-08-25 11:43:59.451;/master/welcome;599;;;;;;
2021-08-25 11:44:00.047;/master/welcome;254;;;;;;
2021-08-25 11:44:00.748;/master/welcome;594;;;;;;
2021-08-25 11:44:01.104;/master/welcome;282;;;;;;
2021-08-25 11:44:01.433;/master/welcome;298;;;;;;
2021-08-25 11:44:03.449;/master/welcome;584;;;;;;
2021-08-25 11:44:04.09;/master/welcome;281;;;;;;
2021-08-25 11:44:04.795;/master/welcome;593;;;;;;
2021-08-25 11:44:11.979;/master/welcome;368;;;;;;
2021-08-25 11:44:12.354;/master/welcome;332;;;;;;
2021-08-25 11:44:14.533;/master/welcome;600;;;;;;
2021-08-25 11:44:27.706;/master/welcome;317;;;;;;
2021-08-25 11:44:28.408;/master/welcome;592;;;;;;
2021-08-25 11:44:28.732;/master/welcome;253;;;;;;
2021-08-25 11:44:29.001;/master/welcome;240;;;;;;
2021-08-25 11:44:31.043;/master/welcome;594;;;;;;
2021-08-25 11:44:36.305;/master/welcome;267;;;;;;
2021-08-25 11:44:37.006;/master/welcome;591;;;;;;
2021-08-25 11:44:37.339;/master/welcome;251;;;;;;
2021-08-25 11:44:37.602;/master/welcome;235;;;;;;
2021-08-25 11:44:39.649;/master/welcome;616;;;;;;
2021-08-25 11:44:44.919;/master/welcome;254;;;;;;
2021-08-25 11:44:45.626;/master/welcome;595;;;;;;
2021-08-25 11:44:45.95;/master/welcome;252;;;;;;
2021-08-25 11:44:46.217;/master/welcome;237;;;;;;
2021-08-25 11:44:48.182;/master/welcome;591;;;;;;
2021-08-25 11:44:53.565;/master/welcome;305;;;;;;
2021-08-25 11:44:54.259;/master/welcome;595;;;;;;
2021-08-25 11:44:54.588;/master/welcome;251;;;;;;
2021-08-25 11:44:54.886;/master/welcome;262;;;;;;
2021-08-25 11:44:56.868;/master/welcome;596;;;;;;
2021-08-25 11:45:02.709;/master/welcome;272;;;;;;
2021-08-25 11:45:03.418;/master/welcome;598;;;;;;
2021-08-25 11:45:03.755;/master/welcome;266;;;;;;
2021-08-25 11:45:04.023;/master/welcome;235;;;;;;
2021-08-25 11:45:06.016;/master/welcome;594;;;;;;
2021-08-25 11:45:10.856;/master/welcome;240;;;;;;
2021-08-25 11:45:11.561;/master/welcome;597;;;;;;
2021-08-25 11:45:11.907;/master/welcome;242;;;;;;
2021-08-25 11:45:12.16;/master/welcome;223;;;;;;
2021-08-25 11:45:14.156;/master/welcome;594;;;;;;
2021-08-25 11:45:18.997;/master/welcome;250;;;;;;
2021-08-25 11:45:19.694;/master/welcome;591;;;;;;
2021-08-25 11:45:20.019;/master/welcome;250;;;;;;
2021-08-25 11:45:20.292;/master/welcome;234;;;;;;
2021-08-25 11:45:22.283;/master/welcome;594;;;;;;
2021-08-25 11:45:28.165;/master/welcome;251;;;;;;
2021-08-25 11:45:28.865;/master/welcome;594;;;;;;
2021-08-25 11:45:29.27;/master/welcome;312;;;;;;
2021-08-25 11:45:29.553;/master/welcome;254;;;;;;
2021-08-25 11:45:31.546;/master/welcome;593;;;;;;
2021-08-25 11:45:36.969;/master/welcome;286;;;;;;
2021-08-25 11:45:37.677;/master/welcome;598;;;;;;
2021-08-25 11:45:38.018;/master/welcome;250;;;;;;
2021-08-25 11:45:38.284;/master/welcome;239;;;;;;
2021-08-25 11:45:40.296;/master/welcome;595;;;;;;
2021-08-25 11:45:45.996;/master/welcome;239;;;;;;
2021-08-25 11:45:46.7;/master/welcome;594;;;;;;
2021-08-25 11:45:47.043;/master/welcome;272;;;;;;
2021-08-25 11:45:47.312;/master/welcome;236;;;;;;
2021-08-25 11:45:49.313;/master/welcome;610;;;;;;
2021-08-25 11:45:54.617;/master/welcome;232;;;;;;
2021-08-25 11:45:55.323;/master/welcome;596;;;;;;
2021-08-25 11:45:55.646;/master/welcome;253;;;;;;
2021-08-25 11:45:55.896;/master/welcome;223;;;;;;
2021-08-25 11:45:57.866;/master/welcome;597;;;;;;
2021-08-25 11:46:03.403;/master/welcome;252;;;;;;
2021-08-25 11:46:04.109;/master/welcome;589;;;;;;
2021-08-25 11:46:04.409;/master/welcome;226;;;;;;
2021-08-25 11:46:04.675;/master/welcome;237;;;;;;
2021-08-25 11:46:06.642;/master/welcome;594;;;;;;
2021-08-25 11:46:12.49;/master/welcome;268;;;;;;
2021-08-25 11:46:13.192;/master/welcome;598;;;;;;
2021-08-25 11:46:13.506;/master/welcome;237;;;;;;
2021-08-25 11:46:13.787;/master/welcome;249;;;;;;
2021-08-25 11:46:15.742;/master/welcome;592;;;;;;
2021-08-25 11:46:21.056;/master/welcome;251;;;;;;
2021-08-25 11:46:21.762;/master/welcome;595;;;;;;
2021-08-25 11:46:22.085;/master/welcome;249;;;;;;
2021-08-25 11:46:22.361;/master/welcome;250;;;;;;
2021-08-25 11:46:24.353;/master/welcome;589;;;;;;
2021-08-25 11:46:29.827;/master/welcome;250;;;;;;
2021-08-25 11:46:30.53;/master/welcome;594;;;;;;
2021-08-25 11:46:30.901;/master/welcome;289;;;;;;
2021-08-25 11:46:31.184;/master/welcome;254;;;;;;
2021-08-25 11:46:33.2;/master/welcome;608;;;;;;
2021-08-25 11:46:38.483;/master/welcome;248;;;;;;
2021-08-25 11:46:39.186;/master/welcome;593;;;;;;
2021-08-25 11:46:39.505;/master/welcome;242;;;;;;
2021-08-25 11:46:39.799;/master/welcome;265;;;;;;
2021-08-25 11:46:41.808;/master/welcome;595;;;;;;
2021-08-25 11:46:47.251;/master/welcome;269;;;;;;
2021-08-25 11:46:47.951;/master/welcome;602;;;;;;
2021-08-25 11:46:48.276;/master/welcome;250;;;;;;
2021-08-25 11:46:48.542;/master/welcome;239;;;;;;
2021-08-25 11:46:50.566;/master/welcome;594;;;;;;
2021-08-25 11:46:55.925;/master/welcome;253;;;;;;
2021-08-25 11:46:56.632;/master/welcome;599;;;;;;
2021-08-25 11:46:56.956;/master/welcome;250;;;;;;
2021-08-25 11:46:57.238;/master/welcome;253;;;;;;
2021-08-25 11:46:59.219;/master/welcome;594;;;;;;
2021-08-25 11:47:04.016;/master/welcome;239;;;;;;
2021-08-25 11:47:04.724;/master/welcome;597;;;;;;
2021-08-25 11:47:05.094;/master/welcome;252;;;;;;
2021-08-25 11:47:05.375;/master/welcome;255;;;;;;
2021-08-25 11:47:07.353;/master/welcome;590;;;;;;
2021-08-25 11:47:13.105;/master/welcome;249;;;;;;
2021-08-25 11:47:13.819;/master/welcome;597;;;;;;
2021-08-25 11:47:14.133;/master/welcome;244;;;;;;
2021-08-25 11:47:14.431;/master/welcome;269;;;;;;
2021-08-25 11:47:16.393;/master/welcome;585;;;;;;
2021-08-25 11:47:21.935;/master/welcome;269;;;;;;
2021-08-25 11:47:22.637;/master/welcome;597;;;;;;
2021-08-25 11:47:22.986;/master/welcome;268;;;;;;
2021-08-25 11:47:23.268;/master/welcome;256;;;;;;
2021-08-25 11:47:25.263;/master/welcome;594;;;;;;
2021-08-25 11:47:30.594;/master/welcome;242;;;;;;
2021-08-25 11:47:31.302;/master/welcome;597;;;;;;
2021-08-25 11:47:31.659;/master/welcome;271;;;;;;
2021-08-25 11:47:31.926;/master/welcome;243;;;;;;
2021-08-25 11:47:33.909;/master/welcome;598;;;;;;
2021-08-25 11:47:39.394;/master/welcome;249;;;;;;
2021-08-25 11:47:40.1;/master/welcome;601;;;;;;
2021-08-25 11:47:40.455;/master/welcome;271;;;;;;
2021-08-25 11:47:40.722;/master/welcome;236;;;;;;
2021-08-25 11:47:42.696;/master/welcome;596;;;;;;
2021-08-25 11:47:48.674;/master/welcome;253;;;;;;
2021-08-25 11:47:49.379;/master/welcome;596;;;;;;
2021-08-25 11:47:49.706;/master/welcome;256;;;;;;
2021-08-25 11:47:49.981;/master/welcome;240;;;;;;
2021-08-25 11:47:51.971;/master/welcome;591;;;;;;
2021-08-25 11:47:55.593;/master/welcome;268;;;;;;
2021-08-25 11:47:56.314;/master/welcome;610;;;;;;
2021-08-25 11:47:56.627;/master/welcome;232;;;;;;
2021-08-25 11:47:56.895;/master/welcome;237;;;;;;
2021-08-25 11:47:58.858;/master/welcome;584;;;;;;
2021-08-25 11:48:02.36;/master/welcome;263;;;;;;
2021-08-25 11:48:03.063;/master/welcome;593;;;;;;
2021-08-25 11:48:03.407;/master/welcome;269;;;;;;
2021-08-25 11:48:03.714;/master/welcome;257;;;;;;
2021-08-25 11:48:05.744;/master/welcome;593;;;;;;
2021-08-25 11:48:09.37;/master/welcome;270;;;;;;
2021-08-25 11:48:10.079;/master/welcome;605;;;;;;
2021-08-25 11:48:10.423;/master/welcome;265;;;;;;
2021-08-25 11:48:10.698;/master/welcome;252;;;;;;
2021-08-25 11:48:12.686;/master/welcome;613;;;;;;
2021-08-25 11:48:16.169;/master/welcome;252;;;;;;
2021-08-25 11:48:16.872;/master/welcome;595;;;;;;
2021-08-25 11:48:17.23;/master/welcome;283;;;;;;
2021-08-25 11:48:17.571;/master/welcome;312;;;;;;
2021-08-25 11:48:19.548;/master/welcome;592;;;;;;
2021-08-25 11:48:23.11;/master/welcome;251;;;;;;
2021-08-25 11:48:23.816;/master/welcome;589;;;;;;
2021-08-25 11:48:24.19;/master/welcome;300;;;;;;
2021-08-25 11:48:24.532;/master/welcome;316;;;;;;
2021-08-25 11:48:26.522;/master/welcome;598;;;;;;
2021-08-25 11:48:30.058;/master/welcome;265;;;;;;
2021-08-25 11:48:30.774;/master/welcome;612;;;;;;
2021-08-25 11:48:31.131;/master/welcome;254;;;;;;
2021-08-25 11:48:31.43;/master/welcome;268;;;;;;
2021-08-25 11:48:33.418;/master/welcome;597;;;;;;
2021-08-25 11:48:36.951;/master/welcome;250;;;;;;
2021-08-25 11:48:37.649;/master/welcome;595;;;;;;
2021-08-25 11:48:37.964;/master/welcome;241;;;;;;
2021-08-25 11:48:38.247;/master/welcome;249;;;;;;
2021-08-25 11:48:40.217;/master/welcome;596;;;;;;
2021-08-25 11:48:43.889;/master/welcome;263;;;;;;
2021-08-25 11:48:44.596;/master/welcome;594;;;;;;
2021-08-25 11:48:44.927;/master/welcome;257;;;;;;
2021-08-25 11:48:45.211;/master/welcome;252;;;;;;
2021-08-25 11:48:47.189;/master/welcome;595;;;;;;
2021-08-25 11:48:50.881;/master/welcome;253;;;;;;
2021-08-25 11:48:51.581;/master/welcome;589;;;;;;
2021-08-25 11:48:51.89;/master/welcome;238;;;;;;
2021-08-25 11:48:52.157;/master/welcome;239;;;;;;
2021-08-25 11:48:54.147;/master/welcome;594;;;;;;
2021-08-25 11:48:57.675;/master/welcome;296;;;;;;
2021-08-25 11:48:58.395;/master/welcome;614;;;;;;
2021-08-25 11:48:58.793;/master/welcome;324;;;;;;
2021-08-25 11:48:59.118;/master/welcome;289;;;;;;
2021-08-25 11:49:01.079;/master/welcome;591;;;;;;
2021-08-25 11:49:04.677;/master/welcome;264;;;;;;
2021-08-25 11:49:05.39;/master/welcome;592;;;;;;
2021-08-25 11:49:05.719;/master/welcome;253;;;;;;
2021-08-25 11:49:05.999;/master/welcome;251;;;;;;
2021-08-25 11:49:08.02;/master/welcome;597;;;;;;
2021-08-25 11:49:11.554;/master/welcome;280;;;;;;
2021-08-25 11:49:12.317;/master/welcome;620;;;;;;
2021-08-25 11:49:12.63;/master/welcome;239;;;;;;
2021-08-25 11:49:12.915;/master/welcome;253;;;;;;
2021-08-25 11:49:14.881;/master/welcome;589;;;;;;
2021-08-25 11:49:18.415;/master/welcome;254;;;;;;
2021-08-25 11:49:19.134;/master/welcome;608;;;;;;
2021-08-25 11:49:19.476;/master/welcome;266;;;;;;
2021-08-25 11:49:19.787;/master/welcome;278;;;;;;
2021-08-25 11:49:21.78;/master/welcome;592;;;;;;
2021-08-25 11:49:25.307;/master/welcome;254;;;;;;
2021-08-25 11:49:26.03;/master/welcome;611;;;;;;
2021-08-25 11:49:26.344;/master/welcome;234;;;;;;
2021-08-25 11:49:26.607;/master/welcome;237;;;;;;
2021-08-25 11:49:28.585;/master/welcome;596;;;;;;
2021-08-25 11:49:32.174;/master/welcome;284;;;;;;
2021-08-25 11:49:32.906;/master/welcome;589;;;;;;
2021-08-25 11:49:33.267;/master/welcome;287;;;;;;
2021-08-25 11:49:33.597;/master/welcome;295;;;;;;
2021-08-25 11:49:35.601;/master/welcome;594;;;;;;
2021-08-25 11:49:39.369;/master/welcome;271;;;;;;
2021-08-25 11:49:40.087;/master/welcome;609;;;;;;
2021-08-25 11:49:40.432;/master/welcome;268;;;;;;
2021-08-25 11:49:40.766;/master/welcome;300;;;;;;
2021-08-25 11:49:42.768;/master/welcome;590;;;;;;
2021-08-25 11:49:46.338;/master/welcome;252;;;;;;
2021-08-25 11:49:47.043;/master/welcome;591;;;;;;
2021-08-25 11:49:47.367;/master/welcome;255;;;;;;
2021-08-25 11:49:47.709;/master/welcome;313;;;;;;
2021-08-25 11:49:49.741;/master/welcome;600;;;;;;
2021-08-25 11:49:53.273;/master/welcome;282;;;;;;
2021-08-25 11:49:53.987;/master/welcome;606;;;;;;
2021-08-25 11:49:54.302;/master/welcome;239;;;;;;
2021-08-25 11:49:54.567;/master/welcome;238;;;;;;
2021-08-25 11:49:56.539;/master/welcome;593;;;;;;
2021-08-25 11:50:00.394;/master/welcome;253;;;;;;
2021-08-25 11:50:01.097;/master/welcome;592;;;;;;
2021-08-25 11:50:01.484;/master/welcome;314;;;;;;
2021-08-25 11:50:01.837;/master/welcome;310;;;;;;
2021-08-25 11:50:03.955;/master/welcome;607;;;;;;
2021-08-25 11:50:07.584;/master/welcome;281;;;;;;
2021-08-25 11:50:08.33;/master/welcome;610;;;;;;
2021-08-25 11:50:08.643;/master/welcome;242;;;;;;
2021-08-25 11:50:08.923;/master/welcome;252;;;;;;
2021-08-25 11:50:10.922;/master/welcome;596;;;;;;
2021-08-25 11:50:14.487;/master/welcome;285;;;;;;
2021-08-25 11:50:15.196;/master/welcome;602;;;;;;
2021-08-25 11:50:15.525;/master/welcome;251;;;;;;
2021-08-25 11:50:15.787;/master/welcome;237;;;;;;
2021-08-25 11:50:17.804;/master/welcome;592;;;;;;
2021-08-25 11:50:21.432;/master/welcome;282;;;;;;
2021-08-25 11:50:22.132;/master/welcome;594;;;;;;
2021-08-25 11:50:22.536;/master/welcome;284;;;;;;
2021-08-25 11:50:22.829;/master/welcome;263;;;;;;
2021-08-25 11:50:24.829;/master/welcome;602;;;;;;
2021-08-25 11:50:28.728;/master/welcome;285;;;;;;
2021-08-25 11:50:29.426;/master/welcome;591;;;;;;
2021-08-25 11:50:29.789;/master/welcome;286;;;;;;
2021-08-25 11:50:30.084;/master/welcome;266;;;;;;
2021-08-25 11:50:32.105;/master/welcome;598;;;;;;
2021-08-25 11:50:35.616;/master/welcome;249;;;;;;
2021-08-25 11:50:36.31;/master/welcome;587;;;;;;
2021-08-25 11:50:36.71;/master/welcome;325;;;;;;
2021-08-25 11:50:36.99;/master/welcome;254;;;;;;
2021-08-25 11:50:38.958;/master/welcome;597;;;;;;
2021-08-25 11:50:42.695;/master/welcome;267;;;;;;
2021-08-25 11:50:43.406;/master/welcome;590;;;;;;
2021-08-25 11:50:43.799;/master/welcome;288;;;;;;
2021-08-25 11:50:44.31;/master/welcome;481;;;;;;
2021-08-25 11:50:46.309;/master/welcome;596;;;;;;
2021-08-25 11:50:49.82;/master/welcome;250;;;;;;
2021-08-25 11:50:50.533;/master/welcome;604;;;;;;
2021-08-25 11:50:50.854;/master/welcome;251;;;;;;
2021-08-25 11:50:51.123;/master/welcome;238;;;;;;
2021-08-25 11:50:53.12;/master/welcome;594;;;;;;
2021-08-25 11:50:56.659;/master/welcome;254;;;;;;
2021-08-25 11:50:57.367;/master/welcome;593;;;;;;
2021-08-25 11:50:57.722;/master/welcome;283;;;;;;
2021-08-25 11:50:58.02;/master/welcome;266;;;;;;
2021-08-25 11:50:59.986;/master/welcome;591;;;;;;
2021-08-25 11:51:03.814;/master/welcome;327;;;;;;
2021-08-25 11:51:04.51;/master/welcome;594;;;;;;
2021-08-25 11:51:04.842;/master/welcome;250;;;;;;
2021-08-25 11:51:05.249;/master/welcome;374;;;;;;
2021-08-25 11:51:07.212;/master/welcome;594;;;;;;
2021-08-25 11:51:10.837;/master/welcome;271;;;;;;
2021-08-25 11:51:11.542;/master/welcome;593;;;;;;
2021-08-25 11:51:11.955;/master/welcome;329;;;;;;
2021-08-25 11:51:12.217;/master/welcome;239;;;;;;
2021-08-25 11:51:14.252;/master/welcome;598;;;;;;
2021-08-25 11:51:18.004;/master/welcome;254;;;;;;
2021-08-25 11:51:18.725;/master/welcome;613;;;;;;
2021-08-25 11:51:19.071;/master/welcome;269;;;;;;
2021-08-25 11:51:19.336;/master/welcome;240;;;;;;
2021-08-25 11:51:21.319;/master/welcome;609;;;;;;
2021-08-25 11:51:24.854;/master/welcome;281;;;;;;
2021-08-25 11:51:25.554;/master/welcome;590;;;;;;
2021-08-25 11:51:32.662;/master/welcome;552;;;;;;
2021-08-25 11:51:32.984;/master/welcome;296;;;;;;
2021-08-25 11:51:35.174;/master/welcome;592;;;;;;
2021-08-25 11:51:47.228;/master/welcome;298;;;;;;
2021-08-25 11:51:47.926;/master/welcome;590;;;;;;
2021-08-25 11:51:48.225;/master/welcome;222;;;;;;
2021-08-25 11:51:50.264;/master/welcome;269;;;;;;
2021-08-25 11:51:52.288;/master/welcome;265;;;;;;
2021-08-25 11:51:54.273;/master/welcome;240;;;;;;
2021-08-25 11:51:56.412;/master/welcome;240;;;;;;
2021-08-25 11:51:58.409;/master/welcome;255;;;;;;
2021-08-25 11:52:00.43;/master/welcome;224;;;;;;
2021-08-25 11:52:02.426;/master/welcome;256;;;;;;
2021-08-25 11:52:02.708;/master/welcome;252;;;;;;
2021-08-25 11:52:04.697;/master/welcome;598;;;;;;
2021-08-25 11:52:05.294;/master/welcome;245;;;;;;
2021-08-25 11:52:05.993;/master/welcome;594;;;;;;
2021-08-25 11:52:06.308;/master/welcome;242;;;;;;
2021-08-25 11:52:06.59;/master/welcome;250;;;;;;
2021-08-25 11:52:08.545;/master/welcome;597;;;;;;
2021-08-25 11:52:09.158;/master/welcome;257;;;;;;
2021-08-25 11:52:09.873;/master/welcome;593;;;;;;
2021-08-25 11:52:16.953;/master/welcome;463;;;;;;
2021-08-25 11:52:17.314;/master/welcome;331;;;;;;
2021-08-25 11:52:19.886;/master/welcome;598;;;;;;
2021-08-25 11:52:34.101;/master/welcome;282;;;;;;
2021-08-25 11:52:34.803;/master/welcome;593;;;;;;
2021-08-25 11:52:35.252;/master/welcome;363;;;;;;
2021-08-25 11:52:37.63;/master/welcome;1146;;;;;;
2021-08-25 11:52:39.377;/master/welcome;225;;;;;;
2021-08-25 11:52:41.856;/master/welcome;1138;;;;;;
2021-08-25 11:52:43.607;/master/welcome;239;;;;;;
2021-08-25 11:52:45.45;/master/welcome;596;;;;;;
2021-08-25 11:52:47.263;/master/welcome;265;;;;;;
2021-08-25 11:52:49.112;/master/welcome;599;;;;;;
2021-08-25 11:52:50.865;/master/welcome;238;;;;;;
2021-08-25 11:52:53.34;/master/welcome;1262;;;;;;
2021-08-25 11:52:55.102;/master/welcome;252;;;;;;
2021-08-25 11:52:56.957;/master/welcome;609;;;;;;
2021-08-25 11:52:58.732;/master/welcome;249;;;;;;
2021-08-25 11:53:00.575;/master/welcome;594;;;;;;
2021-08-25 11:53:02.417;/master/welcome;313;;;;;;
2021-08-25 11:53:04.255;/master/welcome;612;;;;;;
2021-08-25 11:53:06.027;/master/welcome;266;;;;;;
2021-08-25 11:53:07.845;/master/welcome;598;;;;;;
2021-08-25 11:53:09.653;/master/welcome;267;;;;;;
2021-08-25 11:53:11.536;/master/welcome;628;;;;;;
2021-08-25 11:53:13.328;/master/welcome;249;;;;;;
2021-08-25 11:53:15.73;/master/welcome;1176;;;;;;
2021-08-25 11:53:18.557;/master/welcome;269;;;;;;
2021-08-25 11:53:20.417;/master/welcome;600;;;;;;
2021-08-25 11:53:23.181;/master/welcome;249;;;;;;
2021-08-25 11:53:25.021;/master/welcome;605;;;;;;
2021-08-25 11:53:27.759;/master/welcome;236;;;;;;
2021-08-25 11:53:29.634;/master/welcome;612;;;;;;
2021-08-25 11:53:32.416;/master/welcome;252;;;;;;
2021-08-25 11:53:34.895;/master/welcome;1244;;;;;;
2021-08-25 11:53:37.663;/master/welcome;295;;;;;;
2021-08-25 11:53:39.498;/master/welcome;609;;;;;;
2021-08-25 11:53:42.251;/master/welcome;278;;;;;;
2021-08-25 11:53:44.606;/master/welcome;1169;;;;;;
2021-08-25 11:53:47.484;/master/welcome;269;;;;;;
2021-08-25 11:53:49.305;/master/welcome;617;;;;;;
2021-08-25 11:53:52.169;/master/welcome;284;;;;;;
2021-08-25 11:53:53.985;/master/welcome;598;;;;;;
2021-08-25 11:53:56.868;/master/welcome;330;;;;;;
2021-08-25 11:53:59.311;/master/welcome;1159;;;;;;
2021-08-25 11:54:02.107;/master/welcome;251;;;;;;
2021-08-25 11:54:03.885;/master/welcome;598;;;;;;
2021-08-25 11:54:06.667;/master/welcome;292;;;;;;
2021-08-25 11:54:09.077;/master/welcome;1167;;;;;;
2021-08-25 11:54:11.909;/master/welcome;289;;;;;;
2021-08-25 11:54:13.738;/master/welcome;601;;;;;;
2021-08-25 11:54:17.104;/master/welcome;301;;;;;;
2021-08-25 11:54:18.954;/master/welcome;597;;;;;;
2021-08-25 11:54:21.713;/master/welcome;249;;;;;;
2021-08-25 11:54:23.521;/master/welcome;598;;;;;;
2021-08-25 11:54:26.335;/master/welcome;273;;;;;;
2021-08-25 11:54:28.167;/master/welcome;621;;;;;;
2021-08-25 11:54:30.945;/master/welcome;279;;;;;;
2021-08-25 11:54:32.765;/master/welcome;594;;;;;;
2021-08-25 11:54:35.626;/master/welcome;269;;;;;;
2021-08-25 11:54:37.437;/master/welcome;594;;;;;;
2021-08-25 11:54:40.221;/master/welcome;267;;;;;;
2021-08-25 11:54:42.317;/master/welcome;265;;;;;;
2021-08-25 11:54:44.428;/master/welcome;239;;;;;;
2021-08-25 11:54:46.585;/master/welcome;248;;;;;;
2021-08-25 11:54:48.752;/master/welcome;255;;;;;;
2021-08-25 11:54:50.889;/master/welcome;255;;;;;;
2021-08-25 11:54:52.998;/master/welcome;236;;;;;;
2021-08-25 11:54:55.18;/master/welcome;262;;;;;;
2021-08-25 11:54:57.274;/master/welcome;252;;;;;;
2021-08-25 11:54:59.379;/master/welcome;236;;;;;;
2021-08-25 11:55:01.517;/master/welcome;254;;;;;;
2021-08-25 11:55:03.614;/master/welcome;254;;;;;;
2021-08-25 11:55:05.789;/master/welcome;272;;;;;;
2021-08-25 11:55:08.01;/master/welcome;254;;;;;;
2021-08-25 11:55:10.134;/master/welcome;251;;;;;;
2021-08-25 11:55:12.328;/master/welcome;253;;;;;;
2021-08-25 11:55:14.393;/master/welcome;234;;;;;;
2021-08-25 11:55:16.501;/master/welcome;239;;;;;;
2021-08-25 11:55:18.666;/master/welcome;254;;;;;;
2021-08-25 11:55:20.852;/master/welcome;254;;;;;;
2021-08-25 11:55:22.951;/master/welcome;251;;;;;;
2021-08-25 11:55:25.094;/master/welcome;238;;;;;;
2021-08-25 11:55:27.236;/master/welcome;238;;;;;;
2021-08-25 11:55:29.413;/master/welcome;241;;;;;;
2021-08-25 11:55:31.588;/master/welcome;302;;;;;;
2021-08-25 11:55:33.774;/master/welcome;254;;;;;;
2021-08-25 11:55:35.866;/master/welcome;234;;;;;;
2021-08-25 11:55:38.058;/master/welcome;255;;;;;;
2021-08-25 11:55:40.193;/master/welcome;269;;;;;;
2021-08-25 11:55:42.347;/master/welcome;237;;;;;;
2021-08-25 11:55:44.464;/master/welcome;239;;;;;;
2021-08-25 11:55:46.605;/master/welcome;252;;;;;;
2021-08-25 11:55:55.356;/master/welcome;463;;;;;;
2021-08-25 11:55:55.678;/master/welcome;301;;;;;;
2021-08-25 11:55:57.773;/master/welcome;599;;;;;;
2021-08-25 11:56:09.872;/master/welcome;295;;;;;;
2021-08-25 11:56:10.558;/master/welcome;583;;;;;;
2021-08-25 11:56:10.936;/master/welcome;299;;;;;;
2021-08-25 11:56:14.024;/master/welcome;267;;;;;;
2021-08-25 11:56:16.969;/master/welcome;255;;;;;;
2021-08-25 11:56:19.945;/master/welcome;238;;;;;;
2021-08-25 11:56:22.859;/master/welcome;266;;;;;;
2021-08-25 11:56:25.758;/master/welcome;252;;;;;;
2021-08-25 11:56:26.021;/master/welcome;238;;;;;;
2021-08-25 11:56:28.077;/master/welcome;583;;;;;;
2021-08-25 11:56:28.691;/master/welcome;265;;;;;;
2021-08-25 11:56:29.397;/master/welcome;596;;;;;;
2021-08-25 11:56:29.727;/master/welcome;253;;;;;;
2021-08-25 11:56:30.013;/master/welcome;256;;;;;;
2021-08-25 11:56:32.043;/master/welcome;622;;;;;;
2021-08-25 11:56:32.687;/master/welcome;278;;;;;;
2021-08-25 11:56:33.388;/master/welcome;592;;;;;;
